Outlet,Media Type,Type for Color,Address,Latitude,Longitude,City,Notes,State,Approximate Location,Audience: City/region,Audience,Contact,Contact type,URL
2PM,Newsletter,Digital,"Columbus, OH",39.94491838,-82.97752794,"Columbus, OH",,Ohio,yes,National,Media & Commerce professionals,web@2pml.com,,https://2pml.com/
21Ninety,Digital,Digital,"600 Wilshire Blvd, Los Angeles CA 90017",,,"Los Angeles, CA",,California,no,Nationwide,Multicultural Millennial Women,,,https://21ninety.com
Africa in Harlem,Digital,Digital,"2214 Frederick Douglass Blvd, Ste 284, New York, NY 10026",40.8066068,-73.9535563,Harlem (NY),,New York,no,Harlem,African Diaspora,"Isseu Diouf Campbell, isseu@afrikanspot.com",Founder,https://africainharlem.nyc/en/
African American Voice,Newspaper (monthly),Newspaper,"3829 Surrey Ln, Colorado Springs, CO 80918",38.8994822,-104.7562186,"Colorado Springs, CO",,Colorado,no,Colorado Springs and Denver,African-American,"James Tucker, james.tucker@africanamericanvoice.net",Publisher,https://africanamericanvoice.net/
African Voices Magazine,"Digital, Magazine",Digital,"325 Lafayette Ave, Brooklyn, NY 11238",40.6888705,-73.9626917,"Brooklyn, NY",,New York,no,New York,African,"Carolyn Butts, africanvoicesart@gmail.com",Founder,https://africanvoices.com/
African-American News and Issues,Newspaper (weekly),Newspaper,"6130 Wheatley St, Houston, TX 77091",29.8545835,-95.4284987,"Houston, TX",,Texas,no,Houston,African-American,,,https://aframnews.com/
Afro American Newspapers,Newspaper (weekly),Newspaper,"145 W. Ostend Street Ste 600, Office #536, Baltimore, MD 21230",39.2743411,-76.6176981,"Baltimore, MD",,Maryland,no,Baltimore,African-American,"Dorothy Boulware, editor@afro.com",Editor,https://afro.com/
Afrocentric,Digital,Digital,"1700 W Olney Ave, Philadelphia, PA 19141",40.0374271,-75.1500689,"Philadelphia, PA",,Pennsylvania,no,Philadelphia,Black High School Students,chs.afrocentric@gmail.com,General Inbox,https://www.chsafrocentric.com
AfroLA,Digital,Digital,"Los Angeles, CA",34.01276243,-118.3671374,"Los Angeles, CA",,California,yes,Los Angeles,Black,"Dana Amihere, info@afrolanews",Founder & Editor-in-Chief,https://afrolanews.org
AfroTech,Digital,Digital,600 Wilshire Blvd Los Angeles CA 90017,,,"Los Angeles, CA",,California,no,Nationwide,African-American Entrepreneurs & Tech Professionals,,,https://afrotech.com
All Black Business News,Digital,Digital,"463 N Arlington Ave, East Orange, NJ, 07017-3934",40.7750856,-74.2002543,"East Orange, NJ",,New Jersey,no,New York/New Jersey,African-American,"Abba Onyeani, abbnewsceo@gmail.com",Founder,https://allblackbusinessnews.com/
American Baptist News,Newspaper (weekly),Newspaper,"1715 W Chestnut St, Louisville, KY 40203",38.2516924,-85.7801397,"Louisville, KY",,Kentucky,no,Louisville,African-American,502.587.8714,General inbox,https://www.abnewsky.com
American Urban Radio Networks,"Radio, Podcast",Radio/Podcast,"938 Penn Avenue Suite 701, Pittsburgh, PA 15222",40.4440344,-79.9965584,"Pittsburgh, PA",,Nationwide,no,Nationwide,African-American,"Lenore Williams, 412-456-4098","Sr. VP, Program Operations & Affiliations",https://aurn.com
An African-American Point of View (Point of View),Magazine,Magazine,"688 Boston Road, Springfield, MA 01119",42.13635832,-72.5221408,"Springfield, MA",,Massachusetts,no,"Greater Springfield MA & Hartford, CT",African-American,"Frederick and Marjorie Hurst, 1-413-796-1500, info@afampov.com",Owners,https://www.afampointofview.com/
Anointed News Journal,Newspaper (weekly),Newspaper,"P.O. Box 309 Camden, NJ 08101",39.9099986,-75.0981842,"Camden, NJ",,New Jersey,yes,Camden,General,"Chris Collins, anjeditor@verizon.net",CEO/Editor in Chief,http://www.anointedonline.net
Arizona Coffea,Magazine (bimonthly),Magazine,"1433 N. 80th Ln., Phoenix, AZ",33.46410309,-112.2326035,"Pheonix, AZ",,Arizona,no,Phoenix,Black diaspora,"NaTyshca Pickett, 602-883-6637, natyshca@azcoffea.com",Founder and Editor-in-Chief,http://www.azcoffea.com
Arizona Informant,Newspaper (weekly),Newspaper,"1301 E Washington St Suite 101, Phoenix, AZ 85034",33.4479356,-112.0539773,"Phoenix, AZ",,Arizona,no,Phoenix,African-American,"Cloves Campbell, azinformantnewspaper@gmail.com",Editor,http://azinformant.com/
Ark Republic,Digital,Digital,"Newark, NJ",40.7343243,-74.1658544,"Newark, NJ",,New Jersey,yes,Nationwide,African-American,"buildwithus@arkrepublic.com, 973-988-5881",General inbox,https://www.arkrepublic.com/
Atlanta Black Star,Digital,Digital,"Atlanta, GA",33.755711,-84.3883717,"Atlanta, GA",,Georgia,yes,Atlanta,African-American,info@atlantablackstar.com,General inbox,http://atlantablackstar.com/
Atlanta Daily World,Digital,Digital,"100 Hartsfield Parkway, Atlanta, GA 30344",33.6552323,-84.4288369,"Atlanta, GA",,Georgia,no,Atlanta,African-American,"Duane Torrence, dtorrence@atlantatribune.com",Sales manager,https://atlantadailyworld.com/
Atlanta Tribune,Magazine (monthly),Magazine,"1372 Peachtree St, Atlanta, GA 30309",33.7918645,-84.3865242,"Atlanta, GA",,Georgia,no,Atlanta,African-American,"Katrice Mines, kmines@atlantatribune.com",Senior editor,https://atlantatribune.com/
AuthentiKally Naturale,Podcast,Radio/Podcast,"Chattanooga, TN",35.0456297,-85.3096801,"Chattanooga, TN",,Tennessee,yes,Nationwide,Black Women,Kasey Freeman and Jasmine Philyaw,Hosts,https://podcasts.apple.com/us/podcast/authentikally-naturale/id1453451153
Bakersfield News Observer,Newspaper (weekly),Newspaper,"1219 20th St, Bakersfield, CA 93301",35.3769691,-119.0159073,"Bakersfield, CA",,California,no,Bakersfield,African-American,observernews@gmail.com,General inbox,http://ognsc.com/
Basic Black,TV program,TV,"One Guest Street, Boston, MA 02135",42.35707287,-71.14458288,"Boston, MA",,Massachusetts,no,Boston,"African American; Multicultural, Indigenous","Delores Edwards, delores_edwards@wgbh.org, basic_black@wgbh.org, 617-300-2000",Executive Producer,https://www.wgbh.org/basic-black
Bay Area Review,Newspaper (biweekly),Newspaper,"1821 South Bascom Avenue #358, Campbell, CA 95008",37.2908186,-121.9324227,"Campbell, CA",,California,no,San Jose/Bay Area,African-American,"Brigitte Jones, advertising@thebayareareview.com",Publisher,https://www.thebayareareview.com/
Bay State Banner,Newspaper (weekly),Newspaper,"1100 Washington St, Dorchester Center, MA 02124",42.2739714,-71.0697404,"Dorchester Center, MA",,Massachusetts,no,Boston/New England,African-American and Latino,"Melvin Miller, mbm@b-banner.com",Publisher,https://www.baystatebanner.com/
Because of Them We Can,Digital,Digital,N/A,,,,,Nationwide,NA,Nationwide,African-American,,,https://www.becauseofthemwecan.com/
Before You Go,Podcast,Radio/Podcast,"St. Louis, MO",38.6270025,-90.1994042,"St. Louis, MO",,Nationwide,yes,Nationwide,General,Nicole Franklin & Bryant Monteilh,Hosts,https://before-you-go.simplecast.com
BELLBulletin,Digital,Digital,"13236 N 7th Street, Suite 4 #544, Phoenix, AZ 85022",33.6062928,-112.0664846,"Phoenix, AZ",,Arizona,no,Phoenix,African-American,"Leah March, publisher, bellbulletinaz@gmail.com",Founder,https://bellbulletin.com
Better to Speak,"Podcast, Digital",Radio/Podcast,N/A,,,,,"Washington, D.C.",NA,Nationwide,African-American,"Kesi Felton, hi@bettertospeak.org",Founder & Chief Storyteller,https://www.bettertospeak.org/
Birmingham Times,Newspaper (weekly),Newspaper,"115 3rd Avenue West, Birmingham, AL 35204",33.5064879,-86.8373816,"Birmingham, AL",,Alabama,no,Birmingham,African-American,"Samuel Martin, smartin@birminghamtimes.com",Publisher,https://www.birminghamtimes.com/
BK Reader,Digital,Digital,"1915 Fulton St, Brooklyn, NY 11233",40.6790166,-73.9201934,"Brooklyn, NY",,New York,no,"Brooklyn, NYC",All-inclusive,"C. Zawadi Morris, czm@bkreader.com",Publisher,https://bkreader.com/
BLAC Detroit Magazine,Magazine (monthly),Magazine,"6200 2nd Ave D-101, Detroit, MI 48202",42.3659963,-83.0744323,"Detroit, MI",,Michigan,no,Detroit,African-American,"Billy Strawter, editor@blac.media",Publisher,https://www.blac.media/
Black Agenda Report,Digital,Digital,N/A,,,,,Nationwide,NA,Nationwide,African-American,"Glen Ford, glen.ford@blackagendareport.com",Executive Editor,https://blackagendareport.com
Black American Spring,Digital,Digital,"Eugene, OR",44.0520691,-123.0867536,"Eugene, OR",,Oregon,yes,Oregon,Black Community,Chandlor Henderson,Editor-in-Chief,https://theblackamericanspring.com
Black By God,Digital,Digital,"Charleston, WV",38.3494365,-81.6313992,"Charleston, WV",,West Virginia,yes,West Virginia,African-American,"Crystal Good, publisher, crystaldawngood@gmail.com",Founder,https://blackbygod.org
Black Cannabis,Digital,Digital,N/A,40.2242807,-74.7249281,,,Nationwide,yes,Nationwide,"POC, women, veterans, LGBTQ community","info@black-cannabis.com, (609) 414-8224",General inbox,https://black-cannabis.com/
Black Catholic Messenger,Digital,Digital,"2209 Dante St., New Orleans, LA 70118",29.9559234,-90.1236281,"New Orleans, LA",,Louisiana,no,Nationwide,Black Catholic,"Nate Tinner-Williams, co-founder, nate@blackcatholicmessenger.com",Co-founder,https://www.blackcatholicmessenger.com/
Black Contemporary TV,Video (online),Digital,"2922 MLK Blvd., Dallas, TX 75215",32.7701812,-96.7653706,"Dallas, TX",,Texas,no,Global,African-Americans,"blackcontemporarytv@gmail.com, 214 218 7267","Dale Smith, Founder",https://www.blackcontemporarytv.com/
Black Enterprise,Magazine,Magazine,"500 7th Avenue, 8th Floor, New York, NY 10018",40.7501446,-73.9822542,"New York, NY",,New York,no,Nationwide,African-American,"212-242-8000, benyc_ads@blackenterprise.com",,https://www.blackenterprise.com
Black Farmers Index,Digital,Digital,"1105 Moss St #90391, Lafayette, LA 70509",30.2404576,-92.0084965,"Lafayette, LA",,Nationwide,no,Nationwide,General,"foodculture@blackfarmersindex.com, (337) 357-8321",General inbox,https://blackfarmersindex.com/
Black Headline News Channel,"TV program, Digital (video)",TV,N/A,,,,,Nationwide,NA,Global,Black People,https://www.bhnnow.com/contact,General Form,https://www.bhnnow.com/
Black History Everyday,Digital,Digital,California,36.778261,-119.4179324,California,,Nationwide,yes,Nationwide,Black audiences,"Kiki Monifa, amonifa@gmail.com, 510.847.0720",Founder,https://blackhistoryeveryday.life
Black History Untold,Digital,Digital,N/A,,,,,Pennsylvania,NA,Nationwide,African Diaspora,Sofiya Ballin,Founder,https://www.blkhistoryuntold.com
Black in Jersey,Digital,Digital,N/A,,,,,New Jersey,NA,New Jersey,African-American,"Tennyson Donyea, info@blackinjersey.com",Founder,https://www.blackinjersey.com
Black Information Network,"Radio, Digital",Radio/Podcast,N/A,,,,,Nationwide,NA,Nationwide,African-American,,,https://www.binnews.com/
Black Iowa News,"Digital, Newsletter",Digital,"P.O. Box 3395, Des Moines, IA 50316",41.60776652,-93.59671262,"Des Moines, IA",,Iowa,yes,Statewide,African-American,"Dana James, blackiowanews@icloud.com",Founder,https://blackiowanews.com/
Black Link Magazine,"Digital, Magazine",Magazine,"Houston, TX",29.6678349,-95.36699793,"Houston, TX",,Texas,yes,National,Black entertainment & health enthusiasts or entrepreneurs,"(346) 213-8176, blackisnation1@gmail.com",,https://blacklinkmag.com
Black Star News,Newspaper (weekly),Newspaper,"11 Broadway # 519, New York, NY 10004",40.705329,-74.0139696,"New York, NY",,New York,no,NYC,African-American,,,https://www.blackstarnews.com/
Black Student Magazine,Magazine,Magazine,Oregon & Washington,,,,,Nationwide,NA,Oregon & Washington,Multicultural,"Jael Calloway, 503-737-4765, jaelcalloway6@gmail.com",Director of Student Publications,https://journalisticlearning.com/black-student-magazine/
Black Voice News,"Newspaper (weekly), Digital",Newspaper,"1201 University Ave. Ste. 210, Riverside, CA 92507",33.9768759,-117.337601,"Riverside, CA",,California,no,Riverside/Inland Empire,African-American,"Paulette Brown-Hinds, info@blackvoicenews.com",Publisher,https://www.blackvoicenews.com/
Black Westchester,Magazine,Magazine,"455 Tarrytown Rd, Suite 1318, White Plains, NY 10607",41.042034,-73.8015289,"White Plains, NY",,New York,no,Westchester County,African-American,BlackWestchesterMag@gmail.com,General inbox,https://blackwestchester.com/
Blackbelt Voices,Podcast,Radio/Podcast,"P.O. Box 2093, Conway, AR 72033",35.089701,-92.4392497,"Conway, AR",,Arkansas,yes,U.S. South,Black diaspora,"Adena J. White, yall@blackbeltvoices.com",Founder,https://www.blackbeltvoices.com/
BlackGirlCLE,"Digital, Podcast",Digital,"Cleveland, OH",41.49932,-81.6943605,"Cleveland, OH",,Ohio,yes,Cleveland,Underrepresented Communities,,,https://www.blackgirlincle.com
Blavity,Digital,Digital,"600 Wilshire Blvd, Los Angeles, CA 90017",34.0479718,-118.2565453,"Los Angeles, CA","Network also includes <a href=""https://afrotech.com/"" target=""_blank"">AfroTech</a>, <a href=""https://shadowandact.com/"" target=""_blank"">Shadow and Act</a>, <a href=""https://travelnoire.com/"" target=""_blank"">Travel Noire</a>, <a href=""https://21ninety.com/"" target=""_blank"">21Ninety</a>",California,no,Nationwide,African-American Millenials and Gen-Z,,,https://blavity.com
Bleu Magazine,"Magazine, Digital",Magazine,"26 Broadway, New York, NY 10004",40.7052022,-74.0131655,"New York, NY",,New York,no,Nationwide,African-American,"Devon Johnson, devon@bleulife.com",Publisher,https://bleumag.com/
Bloc By Block News,Newsletter,Digital,"Baltimore, MD",39.28681127,-76.6417849,"Baltimore, MD",,Maryland,yes,Maryland,General,"Kevon Paynter, https://blocbyblocknews.com/contact-us/",Executive Director & Co-Founder,https://blocbyblocknews.com/
Bluff City Post,Newspaper (semimonthly),Newspaper,"719 Franklin St, Natchez, MS 39120",31.5589703,-91.3991483,"Natchez, MS",,Mississippi,no,Natchez,African-American,,,
Bridge Detroit,Digital,Digital,"3434 Chene, PO Box 7046, Detroit, MI 48207",42.3543683,-83.0330963,"Detroit, MI",,Michigan,no,Detroit,General market but all staff Black and Latino,"Stephen Henderson, SHDetroit@bridgedetroit.com",Editor,https://www.bridgedetroit.com/
Brooklyn Afro Times,Newspaper (weekly),Newspaper,"1195 Atlantic Avenue, Brooklyn, NY 11216",40.6788484,-73.9514412,"Brooklyn, NY",,New York,no,Brooklyn,African-American,,,
Brooklyn Vibe,Digital,Digital,"Brooklyn, NY",40.66579907,-73.94946284,"Brooklyn, NY",,New York,yes,Brooklyn,General,"Luciana C., https://brooklynvibe.town.news/about",Founder,https://brooklynvibe.town.news/
Buffalo Criterion,Newspaper (weekly),Newspaper,"623-625 William Street, Buffalo, NY 14206",42.8848762,-78.8482357,"Buffalo, NY",,New York,no,Buffalo,African-American,"Frances Merriweather, criterion@apollo3.com",Publisher,https://www.facebook.com/The-Buffalo-Criterion-Newspaper-105145307688681/
California Advocate,Newspaper (weekly),Newspaper,"1555 E St, Fresno, CA 93706",36.7352911,-119.8024746,"Fresno, CA",,California,no,Fresno/Central Valley,African-American,"Mark Kimber, newsroom@caladvocate.com",Publisher,https://thecaladvocate.com/
Call and Post,Newspaper (weekly),Newspaper,"11800 Shaker Blvd, Cleveland, OH 44120",41.483652,-81.6007226,"Cleveland, OH",,Ohio,no,Cleveland,African-American,,,https://www.callandpost.com/
Capital B,Digital,Digital,"Atlanta, GA",33.7489954,-84.3879824,"Atlanta, GA",,Georgia,yes,Atlanta,Black,"Lauren Williams & Akoto Ofori-Atta, info@capitalbnews.org",Cofounders,https://capitalbnews.org
Capital Outlook,Newspaper (weekly),Newspaper,"1363 E Tennessee St, Tallahassee, FL 32308",30.4481144,-84.2604118,"Tallahassee, FL",,Florida,no,Tallahassee,African-American,"St. Clair Murraine, info@capitaloutlook.com",marketing director,http://capitaloutlook.com/site/
Carib Press,Newspaper (monthly),Newspaper,"8549 Wilshire Blvd, Beverly Hills, CA 90211",34.0658433,-118.3777558,"Beverly Hills, CA",,California,no,Southern California,Caribbean,"Lyndon A. Johnson, info@caribpress.com",Publisher,http://www.caribpress.com/
Caribbean American Weekly,Newspaper,Newspaper,"New York, NY",40.69346367,-73.99090879,"New York, NY",,New York,yes,New York City,"Caribbean-American, Hispanic, African-American, Christian, business and immigrant communities","Pearl Phillip, 1-718-771-0988, info@myiqinc.com",Managing Editor & Editor-In-Chief,https://caribbeanamericanweekly.com/
Caribbean Life,Newspaper (twice monthly),Newspaper,"One Metrotech Center North, Brooklyn, NY 11201",40.6932688,-73.9871006,"Brooklyn, NY",,New York,no,Greater New York,Caribbean,"Cliff Luster, cluster@schnepsmedia.com",Publisher,https://www.caribbeanlifenews.com/
Caribbean Times,Newspaper (twice monthly),Newspaper,"P.O. Box 100470, Brooklyn, NY 11210",40.6263433,-73.9404589,"Brooklyn, NY",,New York,yes,"Brooklyn, Queens, Manhattan, Bronx",Caribbean,"Michael Babwar, mike@caribbeantimesnews.com",Publisher,https://caribbeantimesnyc.com/
Carolina Panorama,Newspaper (weekly),Newspaper,"P.O. Box 11205, Columbia, SC 29211-1205",34.0007104,-81.0348144,"Columbia, SC",,South Carolina,yes,Columbia,African-American,,,https://www.carolinapanorama.com/
Carolina Peacemaker,Newspaper (weekly),Newspaper,"807 Summit Avenue, Greensboro, NC 27405",36.0828015,-79.7783826,"Greensboro, NC",,North Carolina,no,Greensboro,African-American,"John Marshall Kilimanjaro, ads@carolinapeacemaker.com",Publisher,http://www.peacemakeronline.com/
Carter Broadcast Group (KPRS/KPRT),Radio,Radio/Podcast,"11131 Colorado Ave, Kansas City, MO 64137",38.9223173,-94.5297711,"Kansas City, MO",,Missouri,no,Kansas City,African-American,,,https://www.kprs.com/
Carvd N Stone,Digital,Digital,"P.O. Box 18031, Milwaukee, WI 53218",43.1029297,-87.9932959,"Milwaukee, WI",,Wisconsin,yes,Milwaukee; Los Angeles; Baton Rouge; Nationwide,"African American, Black diaspora; multicultural","Nyesha Stone, CNS@carvdnstone.com, 414-628-0603
",Founder,https://www.carvdnstone.com/
CashColorCannabis,"Digital, Podcast",Digital,N/A,33.849145,-84.3620913,,,Nationwide,yes,Nationwide,African-American,"Mehka King, 
mehka@invisiblemanmedia.com",Founder,https://www.cashcolorcannabis.com/
Central Valley Voice,Newspaper (monthly),Newspaper,"1444 Fulton St, Fresno, CA 93721-1610",36.7388788,-119.7952114,"Fresno, CA",,California,no,Central Valley,African-American and Latino,"Felicia Roberts, centralvalleyvoice@yahoo.com",Publisher,https://centralvalleyvoice.com/
Challenger Community News,Newspaper (weekly),Newspaper,"1337 Jefferson Ave, Buffalo, NY 14208",42.9115359,-78.8536668,"Buffalo, NY",,New York,no,Buffalo,African-American,"Alnisa Banks, advertising@thechallengernews.com",Editor,https://thechallengernews.com/
Chattanooga Courier,Newspaper (weekly),Newspaper,"6050 Shallowford Rd, Chattanooga, TN 37422",35.0520933,-85.1863279,"Chattanooga, TN",,Tennessee,no,Chattanooga,African-American,,,https://www.pridepublishinggroup.com/pride/
Chattanooga News Chronicle,Newspaper (weekly),Newspaper,"611 E M L King Blvd, Chattanooga, TN 37403",35.043297,-85.301039,"Chattanooga, TN",,Tennessee,no,Chattanooga,African-American,,,https://chattnewschronicle.com/
Chicago Crusader,Newspaper (weekly),Newspaper,"6429 S King Dr, Chicago, IL 60637",41.7775393,-87.6152903,"Chicago, IL",,Illinois,no,Chicago,African-American,"Dorothy Leavell, news@chicagocrusader.com",Publisher,https://chicagocrusader.com/
Chicago Defender,Newspaper (weekly),Newspaper,"4445 S King Dr, Chicago, IL 60653",41.8136045,-87.6159833,"Chicago, IL",,Illinois,no,Chicago,African-American,"Dyanna Knight Lewis, editorial@chicagodefender.com",Regional VP,https://chicagodefender.com/
Chicago News Weekly,"Newspaper, Digital",Newspaper,"8348 S Stony Island Avenue, Chicago, IL 60617",41.7427399,-87.5860967,"Chicago, IL",,Illinois,no,Chicago,Black Community,"Cheryl Maynard, advertising@cnwmedia.com, (773) 236-1464",Publisher,https://www.cnwmedia.com/
Clarksville Press,Newspaper (weekly),Newspaper,"2277-C Wilma Rudolph Blvd #268, Clarksville, TN 37040",36.5704407,-87.303346,"Clarksville, TN",,Tennessee,no,Clarksville,African-American,,,https://www.pridepublishinggroup.com/pride/
CNY Vision,Newspaper (weekly),Newspaper,"331 Hollenbeck St, Rochester, NY 14621",43.1847205,-77.6169756,"Rochester, NY",,New York,no,Syracuse,African-American,,,http://cnyvision.com/
Color of Wellness,"Digital, Magazine",Magazine,"Tampa, FL",27.97136958,-82.42751111,"Tampa, FL",,Florida,yes,National,Communities of Color,"Michelle Greene Rhodes, assistant.michellerhodes@gmail.com",Editor-in-Chief,http://www.colorofwellness.co/
Compton Bulletin,Newspaper (weekly),Newspaper,"800 E Compton Blvd E, Rancho Dominguez, CA 90221",33.8957816,-118.2145815,"Rancho Dominguez, CA",,California,no,Compton,Multicultural,news@thecomptonbulletin.com,General inbox,https://www.thebulletinweekly.com/
Compton Herald,Digital,Digital,"Compton, CA",33.8899694,-118.2167519,"Compton, CA",,California,yes,Compton,African-American,"Jarrette Fellows, thecomptonherald@gmail.com",Manager,https://www.comptonherald.org/
Context Media Group,Video (online),Digital,"Atlanta, GA",33.75938767,-84.3755177,"Atlanta, GA",,Georgia,yes,National,Underrepresented Communities,,,https://contextmediagroup.com/
Converge Media,Digital,Digital,"80 S Washington St Suite 203, Seattle, WA 98104",47.6010176,-122.3349254,"Seattle, WA",,Washington,no,Seattle/PNW,African American,Info@Africatown.Media.com,,https://www.whereweconverge.com/
CORE Magazine,"Digital, Magazine (quarterly)",Magazine,"P.O. Box 16751, Sugar Land, TX 77496",29.60183062,-95.62282142,"Sugar Land, TX",,Texas,yes,National,"Corporate executives, Professional athletes, Sports fans","Bo Porter, 832-799-3564, bo@boporterenterprise.com",Founding President & Chief Executive Officer,https://core-mag.com
CRWNMAG,Magazine,Magazine,N/A,40.7441144,-73.9932069,,,New York,yes,Nationwide,Black Women,build@crwnmag.com,,https://www.crwnmag.com/
CultureBanx,Digital,Digital,"Brooklyn, NY",40.6654889,-73.892418,"Brooklyn, NY",,Nationwide,yes,Nationwide,African-American,info@culturebanx.com,General inbox,https://www.culturebanx.com/
Cup of Soul Show,Digital,Digital,"Philadelphia, PA",39.952,-75.165,"Philadelphia, PA",,Pennsylvania,yes,Nationwide,BIPOC,Kathia Woods,Founder,https://www.cupofsoulshow.com
Dallas Examiner,Newspaper (weekly),Newspaper,"4510 S. Malcolm X Blvd., Dallas, TX 75215",32.7570462,-96.7538061,"Dallas, TX",,Texas,no,Dallas,African-American,"Mollie Finch Belt, mbelt@dallasexaminer.com",Publisher,https://dallasexaminer.com/
Dallas Post Tribune,Newspaper (weekly),Newspaper,"2726 S Beckley Ave, Dallas, TX 75224",32.714181,-96.8226646,"Dallas, TX",,Texas,no,Dallas,African-American,,,https://dallasposttrib.com/
Data News Weekly,Newspaper (weekly),Newspaper,"3501 Napoleon Ave, New Orleans, LA 70125",29.9451233,-90.1035434,"New Orleans, LA",,Louisiana,no,New Orleans,African-American,"Terry B. Jones, datanewsad@bellsouth.net",Publisher,https://ladatanews.com/
Davidson Local,Digital,Digital,"Davidson County, NC",35.85098448,-80.15892044,Davidson County (NC),,North Carolina,yes,"Davidson County, NC",General,"Antionette Kerr, https://www.davidsonlocal.com/advertise-contact-us",CEO,https://www.davidsonlocal.com/
Davis Broadcasting Co. (WOKS/WFXE/WKZJ/WEAM/WIOL),Radio,Radio/Podcast,"2203 Wynnton Rd, Columbus, GA 31906",32.4701497,-84.9598896,"Columbus, GA",,Georgia,no,Columbus,African-American,,,http://www.dbiradio.com/
Daytona Times,Newspaper (weekly),Newspaper,"P.O. Box 48857, Tampa, FL 33646",27.950575,-82.4571776,"Tampa, FL",,Florida,yes,Daytona Beach,African-American,"Julia T. Cherry, sales@daytonatimes.com",Senior managing member,http://daytonatimes.com/
Deem Journal,Magazine,Magazine,N/A,,,,,Nationwide,NA,Nationwide,BIPOC,hello@deemjournal.com,General inbox,https://www.deemjournal.com/
Delawareblack.com,Digital,Digital,"Wilmington, DE",39.7479029,-75.5521224,"Wilmington, DE",,Delaware,yes,State of Delaware,African-American,"Leonard Young, info@delawareblack.com",Founder,https://delawareblack.com/
Denver Urban Spectrum,Newspaper (monthly),Newspaper,"738 Peoria St Unit 31001, Aurora, CO 80041",39.7274468,-104.8462103,"Aurora, CO",,Colorado,no,Denver,Multicultural,"Bee Harris, publisher@urbanspectrum.net",Publisher,http://denverurbanspectrum.com/
Denver Weekly News,Newspaper (weekly),Newspaper,"P.O. Box 5008, Denver, CO 80217-5008",39.790486,-104.9000469,"Denver, CO",,Colorado,yes,Denver,African-American,dwnews2@yahoo.com,General inbox,https://www.facebook.com/DenverWeeklyNews/
Durham Skywriter/TV Skywriter,Digital,Digital,"1910 Capps St, Durham, NC 27707",35.9644184,-78.8839749,"Durham, NC",,North Carolina,no,"Durham, NC (newspaper); worldwide (interview program)",multicultural,"Patricia A Murray, durhamskywriter@gmail.com, 919-809-9682",Publisher/Host,https://www.durhamskywriter.com/
East Side Daily News,Newspaper (every three days),Newspaper,"11400 Woodland Ave, Cleveland, OH 44104",41.488257,-81.6055831,"Cleveland, OH",,Ohio,no,East side of Cleveland,African-American,,,https://www.eastsidedailynews.com/
Ebony,Magazine,Magazine,"3309 Collins Lane, Louisville, KY 40245",38.2912879,-85.5162159,"Louisville, KY",,Kentucky,no,Nationwide,African-American Women,"312-322-9200, info@ebony.com",,https://www.ebony.com
Eclectically Black News,Digital,Digital,"New York, NY",40.82049349,-73.95092286,"New York, NY",,New York,yes,Nationwide,Black diaspora,,,http://gloria-dulan-wilson.blogspot.com/
Electronic Urban Report,Digital,Digital,"PO Box 412081, Los Angeles, CA 90041",34.13847254,-118.1877325,"Los Angeles, CA",,California,yes,National,Black communities,"Lee Bailey, 323-254-9599",Founder,https://eurweb.com
Elevate Dayton,Digital,Digital,"Dayton, OH",39.75557545,-84.20645737,"Dayton, OH",,Ohio,yes,"Dayton, Ohio",BIPOC & other unheard communities,"Nate Dillard, contact@elevatedayton.com",Co-founder & Publisher,https://elevatedayton.com/
ENODI,"Podcast, Digital",Radio/Podcast,N/A,40.651597,-73.9575654,,,Nationwide,yes,Nationwide,Immigrants,"Jamie Mensah, jamie@mjrain.com",,https://www.enodi.co
Ernestly Speaking,Podcast,Radio/Podcast,"Philadelphia, PA",39.9525839,-75.1652215,"Philadelphia, PA",,Pennsylvania,yes,Nationwide,General,Ernest Owens,Host,https://soundcloud.com/mrernestowens
Essence,Magazine,Magazine,"34 35th Street, Suite 5A, Brooklyn, NY 11232",40.6572165,-74.0080699,"Brooklyn, NY",,New York,no,Nationwide,African-American Women,,,https://www.essence.com
Ethiopian Community Media Association,TV program,TV,"655 South Orcas St. Bldg O, #203, Seattle, WA 98109",47.5513128,-122.3257445,"Seattle, WA",,Washington,no,Seattle,Ethiopian,info@ecseattle.org,,https://www.ecseattle.org/
Ethiopian Observer,Digital,Digital,"17829 Wayne Avenue N, Seattle, WA 98133",47.7586619,-122.3359785,"Seattle, WA",,Washington,no,Seattle,Ethiopian,ethiopians@ethioobserver.net,,http://www.ethioobserver.net/
Everybody's Caribbean,Magazine (9 issues annually),Magazine,"1630 Nostrand Ave., Brooklyn, NY 11226",40.6462645,-73.9493571,"Brooklyn, NY",,New York,no,Greater New York,Caribbean,"Herman Hall, editor@everybodysmag.com",Editor,https://everybodysmag.com/
Exposure Magazine,Magazine,Magazine,"606 East Juneau Avenue #511803 Milwaukee, WI 53203",43.0460419,-87.9042104,"Milwaukee, WI","Also at location: <a href=""https://www.exposureplustv.tv"" target=""_blank"">Exposure Plus TV</a>",Wisconsin,no,Milwaukee,African-American,TAM LAWRENCE TL@RLASSC.COM (704) 780-8648,PUBLISHER,http://www.exposure-magazine.com
Exposure Plus TV,TV,TV,"606 East Juneau Avenue #511803 Milwaukee, WI 53203",,,"Milwaukee, WI",,Wisconsin,no,Milwaukee,Multicultural,TAM LAWRENCE TL@RLASSC.COM (704) 780-8648,CEO / FOUNDER,https://www.exposureplustv.tv
Exposure Plus TV Seattle,TV,TV,"4301 NE 4th St, Suite 2334, Renton, WA 98056",47.4880166,-122.1608697,"Renton, WA",,Washington,no,Seattle; Nationwide; Worldwide,Black; multicultural,"Roberta Holmes, MrsHolmes@aartkingsleyllc.com, 2069403741",Director of Diversity Inclusion,http://www.exposureplustv.tv
Faith and Soul Magazine,Magazine,Magazine,"920 West Pinhook Road, Suite 303, Lafayette, LA 70503-2446",30.2048266,-92.0134309,"Lafayette, LA",,Louisiana,no,"Louisiana, Texas, Atlanta","Christian, African-American Creole","Melinda Sylvester, m.sylvester@faithandsoul.com, 337-781-0158",Publisher,http://faithandsoul.net
Five Wards Media,Digital,Digital,"Newark, NJ",40.74602487,-74.18162834,"Newark, NJ",,New Jersey,yes,Newark,Newark residents,"Brit Harley, brit@fivewardsmedia.com",Founder,https://www.fivewardsmedia.com
Flint Beat,Digital,Digital,"615 Saginaw Street Suite 5005, Flint, MI 48502",43.0148951,-83.6892956,"Flint, MI",,Michigan,no,Flint,General,"Jiquanda Johnson, team@flintbeat.com",Founder,https://flintbeat.com/
Florida Courier,Newspaper (weekly),Newspaper,"P.O. Box 48857, Tampa, FL 33646-0124",27.95079296,-82.4566948,"Tampa, FL",,Florida,yes,Fort Pierce,African-American,"Julia T. Cherry, sales@daytonatimes.com",Senior managing member,https://flcourier.com/
Florida Sentinel-Bulletin,Newspaper (weekly),Newspaper,"2207 E 21st Ave, Tampa, FL 33605",27.9702715,-82.4343004,"Tampa, FL",,Florida,no,Tampa,African-American,"Gwen Hayes, editor@flsentinel.com",Editor,https://flsentinel.com/
Fort Wayne Ink Spot,Newspaper (biweekly),Newspaper,"2513 S Calhoun St, Fort Wayne, IN 46807",41.0618139,-85.1376051,"Fort Wayne, IN",,Indiana,no,Fort Wayne,African-American,"John Dortch, fwinkspot@gmail.com",Publisher,https://www.fwinkspot.com/
Forward Times,Newspaper (weekly),Newspaper,"4411 Almeda Rd, Houston, TX 77004",29.729528,-95.376217,"Houston, TX",,Texas,no,Houston,African-American,,,https://forwardtimes.com/
From the G-Man,Digital,Digital,"Harlem, NYC",40.8115504,-73.9464769,Harlem (NY),,New York,yes,NYC,African-American,"Gary Glennell Toms, FromTheGMan@protonmail.com, (973) 530-7658","Founder, Editor-in-Chief",https://fromthegman.net/
Front Runner,Digital,Digital,"Atlantic City, NJ",39.3642834,-74.4229266,"Atlantic City, NJ",,New Jersey,yes,South Jersey,African-American,"Clyde Hughes, clydehughesjr@gmail.com","President, CEO & Editor-in-Chief",https://frontrunnernewjersey.com
FunTimes Magazine,"Magazine, Digital",Magazine,"1226 N 52nd St, Philadelphia, PA 19131",39.9720989,-75.2262682,"Philadelphia, PA",,Pennsylvania,no,Delaware Valley,"African, Caribbean and African American","Eric Nzeribe, info@funtimesmagazine.com",CEO & Founder,https://www.funtimesmagazine.com/
Gainesville Guardian,Newspaper (weekly),Newspaper,"2700 SW 13th St., Gainesville, FL 32608-2015",29.6268823,-82.3403008,"Gainesville, FL",,Florida,no,Gainesville,African-American,"Cleveland Tinker, cleveland.tinker@gvillesun.com, (352) 337-0376",Editor,http://gainesvilleguardian.com/
Garland Journal,Newspaper,Newspaper,"320 S RL Thornton Freeway Service Rd, Dallas, TX 75203",,,"Dallas, TX",,Texas,NA,"Garland, TX region",General Audience,"Cheryl Smith, penonfire2@gmail.com",Publisher,https://garlandjournal.com
Gary Crusader,Newspaper (weekly),Newspaper,"1549 Broadway, Gary, IN 46407",41.5870529,-87.336788,"Gary, IN",,Indiana,no,Gary,African-American,"Dorothy Leavell, news@garycrusader.com",Publisher,https://chicagocrusader.com/category/gary-local-news/
Georgia Sentinel,Newspaper (weekly),Newspaper,"Atlanta, GA",33.6517391,-84.3919843,"Atlanta, GA",,Georgia,yes,Atlanta,African-American,"Andre White, andrewhite.us@gmail.com",Publisher,http://www.georgiasentinelnews.com/
Going Overtown,Newsletter,Digital,"201 NW 7th Street #108, Miami, FL 33136",25.7810939,-80.198645,"Miami, FL",,Florida,no,Miami,African-American,"Stephanie van Vark, stephanie@stephaniecreates.com, 3057102212
",President,http://GoingOvertown.org
Grand Rapids Times,Newspaper (weekly),Newspaper,"2016 Eastern Ave SE, Grand Rapids, MI 49507",42.9267124,-85.6475815,"Grand Rapids, MI",,Michigan,no,Grand Rapids,African-American,"Patricia Pulliam, staff@grtimes.com",Publisher,https://www.grtimes.com/
GrassRootsWire.com,Digital,Digital,"604 E 96th Street, Brooklyn, NY 11236",40.6536136,-73.9135126,"Brooklyn, NY",,New York,no,New York City,African-Americans,https://grassrootswire.com/contact,"Carolyn Jenkins, Founder",https://grassrootswire.com/
Greene County Democrat,Newspaper (weekly),Newspaper,"206 Prairie Ave, Eutaw, AL 35462",32.8342008,-87.8877664,"Eutaw, AL",,Alabama,no,Eutaw/Greene County,African-American,"John and Carol Zippert, (205) 372-3373",Publisher,https://greenecodemocrat.com/
Haiti en Marche,Newspaper (weekly),Newspaper,"173 N.W. 94th Street Miami, Florida 33150",25.8614326,-80.2010807,"Miami, FL",,Florida,no,Miami,Haitian,"Elsie Etheart, elsieetheart@gmail.com",Owner,https://www.haitienmarche.com/
Haiti Progres,Newspaper (weekly),Newspaper,"P.O. Box 30273, Brooklyn, NY 11203",40.6412551,-73.9295682,"Brooklyn, NY",,New York,yes,NYC,Haitian,"Maude LeBlanc, newyork@haitiprogres.com",Publisher,https://haitiprogres.com/news/
Harlem Community News,Newspaper (biweekly),Newspaper,"P. O. Box #1775, New York, NY 10027",40.8138912,-73.9624327,Harlem (NY),,New York,yes,Harlem,African-American,,,https://harlemcommunitynews.com/
Harlem World Magazine,"Digital, Magazine",Magazine,"367 Malcolm X Blvd, New York, NY 10027",40.81019674,-73.94413596,Harlem (NY),,New York,no,Harlem,Harlem residents,"646.216.8698, harlemworldinfo@yahoo.com",,https://www.harlemworldmagazine.com
Harvey World Herald,Digital,Digital,N/A,41.612233,-87.6531805,"Harvey, IL",,Illinois,yes,"Harvey, Illinois",Black / Brown,"Amethyst J. Davis, adavis@harveyworld.org",Founder,https://harveyworld.org/
HBCU Nation,"Satellite radio, TV, Podcast",Radio/Podcast,N/A,36.2649103,-76.199481,,"Additional link: <a href=""https://hbcusmarttv.com/"" target=""_blank"">hbcusmarttv.com</a>","Washington, D.C.",yes,"Charlotte, NC / Nationwide",HBCU Community / African Diaspora,"Sonya Worrell, sonya@hbcunation.org",COO,https://www.hbcunation.org/
Her Agenda,Digital,Digital,"New York, NY",40.7127753,-74.0059728,"New York, NY",,New York,yes,Nationwide,African-American,"Rhonesha Byng, rhonesha@heragenda.com, (917) 434-8699","Founder, CEO",https://heragenda.com/
Hoopfeed,Digital,Digital,"San Francisco Bay Area, CA",37.8271784,-122.2913078,San Francisco Bay Area (CA),,Nationwide,yes,Nationwide,Women's Basketball Fans,Cheryl Coward,Founder,https://www.hoopfeed.com/content/
Houston Defender,Newspaper (weekly),Newspaper,"12401 S Post Oak Rd, Houston, TX 77045",29.6457435,-95.4625459,"Houston, TX",,Texas,no,Houston,African-American,,,https://defendernetwork.com/
Hudson Valley Press,Newspaper (weekly),Newspaper,"343 Broadway, Newburgh, NY 12550",41.5004557,-74.0232975,"Newburgh, NY",,New York,no,Newburgh/Hudson Valley,African-American,,,https://hudsonvalleypress.com/
Hy-Lo News,Digital,Digital,"Miami, FL",25.7769176,-80.2991117,"Miami, FL",,Florida,yes,Miami,African-American,"Janey Tate, hylonews@gmail.com",Editor,https://hylonewsmiami.com/
I Messenger,Magazine (weekly),Magazine,"320 S RL Thornton Freeway Service Rd, Dallas, TX 75203",32.7541905,-96.8085835,"Dallas, TX","I Messenger News Group includes <a href=""https://texasmetronews.com/"" target=""_blank"">Texas Metro News</a>, <a href=""https://garlandjournal.com/"" target=""_blank"">Garland Journal</a> and I Messenger",Texas,no,State of Texas,"African-American, women",,,https://myimessenger.com/
I Mix What I Like,"Digital, Podcast",Digital,N/A,,,,,Nationwide,NA,Nationwide,African-American,"Jared A. Ball, Ph.D., freemixradio@gmail.com",Founder,https://imixwhatilike.org/
In My Humble Opinion,Radio,Radio/Podcast,"Charlottesville, VA",38.0293059,-78.4766781,"Charlottesville, VA",,Virginia,yes,Charlottesville,African-American,imhotalkshow@gmail.com,General inbox,https://www.imhotalkshow.org/
Indianapolis Recorder,Newspaper (weekly),Newspaper,"2901 N Tacoma Ave, Indianapolis, IN 46218",39.809125,-86.1200802,"Indianapolis, IN",,Indiana,no,Indianapolis,African-American,"Robert Shegog, roberts@indyrecorder.com",President and CEO,https://indianapolisrecorder.com/
Inglewood Business Magazine,Magazine (bimonthly),Magazine,"Inglewood, CA",33.9592538,-118.3511714,"Inglewood, CA",,California,yes,Inglewood,African-American,"Norman Boseman, inglewoodbusinessmag@gmail.com",Publisher,https://inglewoodbusinessmag.com/
Inglewood Times,"Digital, Magazine (quarterly)",Digital,"2926 W Manchester Blvd, Inglewood, CA 90305",33.9597185,-118.324952,"Inglewood, CA",,California,no,Inglewood,African-American,"Richard Diaz, info@inglewoodtimes.com",Publisher,http://inglewoodtimesmagazine.com/
Inglewood Today,Newspaper (weekly),Newspaper,"9111 S La Cienega Blvd, Inglewood, CA 90301",33.9538849,-118.3706127,"Inglewood, CA",,California,no,Inglewood,African-American,"Kenneth Miller, info@inglewoodtoday.com",Publisher,https://inglewoodtoday.com/
Inland Valley News,Newspaper (weekly),Newspaper,"2009 Porterfield Way, Upland, CA 91786",34.1096028,-117.6912416,"Upland, CA",,California,no,Pomona/Inland Valley,African-American,"Talese Morrow, Talese@InlandValleyNews.com",Publisher,http://inlandvalleynews.com/
Inner-City News,Newspaper (weekly),Newspaper,"50 Fitch St # 2, New Haven, CT 06515",41.3266928,-72.9565959,"New Haven, CT",,Connecticut,no,New Haven,African-American,"Babz Rawls Ivy, babz@pennfieldcomm.com",Editor,https://www.facebook.com/Inner-City-Newspaper-144130975669013/?ref=page_internal
Inquiring News,Newspaper (weekly),Newspaper,"P.O. Box 1984, Hartford, CT 06144",41.76,-72.69,"Hartford, CT",,Connecticut,yes,"Hartford, CT; Springfield, MA",African-American,inqnews@aol.com,General inbox,https://inqnews.com/
Insight News,Newspaper (weekly),Newspaper,"1803 N Bryant Ave, Minneapolis, MN 55411",44.9977155,-93.291382,"Minneapolis, MN",,Minnesota,no,St. Paul-Minneapolis,African-American,"Al McFarlane, info@insightnews.com",Founder and editor,https://www.insightnews.com/
Intentional Talk Radio Network,Radio,Radio,"195 E. Round Grove Rd. #1522, Lewisville, TX 75067",33.0040484,-96.9900492,"Lewisville, TX",,Texas,no,"Lewisville, Dallas",African-American,"Yolanda C.S. Williams, yourcharactered@aol.com, 626-394-7012",Executive Director,http://www.itrnradio.com
Jackson Advocate,Newspaper (monthly),Newspaper,"100 W.Hamilton St., Jackson, MS, 39202",32.3046534,-90.1891424,"Jackson, MS",,Mississippi,no,Jackson,African-American,"Deanna Tisdale-Johnson, thejacksonadvocate@gmail.com",Publisher,https://www.jacksonadvocateonline.com/
Jackson Free Press,Newspaper (biweekly),Newspaper,"125 S. Congress Street #1324A, Jackson, MS 39201",32.2988372,-90.1833772,"Jackson, MS",,Mississippi,no,Jackson,All-inclusive,"Donna Ladd, 601-362-6121",Editor and CEO,https://www.jacksonfreepress.com/
Jacksonville Free Press,Newspaper (weekly),Newspaper,"1122 Edgewood Ave W, Jacksonville, FL 32208",30.3920751,-81.675692,"Jacksonville, FL",,Florida,no,Jacksonville,African-American,jfreepress@aol.com,General inbox,http://jacksonvillefreepress.com/
Journal And Guide,Newspaper (weekly),Newspaper,"5127 E Virginia Beach Blvd, Norfolk, VA 23502",36.855846,-76.2260494,"Norfolk, VA",,Virginia,no,Norfolk,African-American,,,http://thenewjournalandguide.com/
Kansas City Defender,Digital,Digital,N/A,,,"Kansas City, MO",,Kansas,NA,"Kansas City, MO","Black, Brown & Poor people","Ryan Sorrell, ryan@kansascitydefender.com",Publisher,https://www.kansascitydefender.com
Kansas City Globe,Newspaper (weekly),Newspaper,"615 E 29th St, Kansas City, MO 64109",39.0741013,-94.5767501,"Kansas City, MO",,Missouri,no,Kansas City,African-American,,,https://www.thekansascityglobe.com/
KAZI,Radio,Radio/Podcast,"8906 Wall St #203, Austin, TX 78754",30.342007,-97.6715552,"Austin, TX",,Texas,no,Austin,African-American,,,https://www.kazifm.org/
KBBG,Radio,Radio/Podcast,"918 Newell St, Waterloo, IA 50703",42.5126696,-92.3230481,"Waterloo, IA",,Iowa,no,Waterloo,African-American,,,https://www.facebook.com/KBBGFM88.1/
KCEP,Radio,Radio/Podcast,"350 W Washington suite #125, Las Vegas, NV 89106",36.1813213,-115.1465071,"Las Vegas, NV",,Nevada,no,Las Vegas,African-American,"Craig Knight, 702-648-0104",Station Manager,https://www.power88lv.com/
KCLT/WNEV/KAKJ,Radio,Radio/Podcast,"700 Martin Luther King Drive, West Helena, AR 72390",34.550763,-90.6553037,"West Helena, AR",,Arkansas,no,Eastern Arkansas/Northwest Mississippi,African-American,"Raymond Simes, force2@sbcglobal.net",CEO,https://force3radio.com/
Key News Journal,Newspaper (monthly),Newspaper,"P.O. Box 23321, Lexington, KY 40523",37.99,-84.52,"Lexington, KY",,Kentucky,yes,Lexington/Central KY,African-American,editorial@keynewsjournal.com,General inbox,https://www.facebook.com/TheKeyNewsjournal/
KFOO,Radio,Radio/Podcast,"2030 Iowa Ave Ste 100, Riverside, CA 92507",33.992612,-117.3393542,"Riverside, CA",,California,no,San Bernardino/Riverside,African-American,,,https://riverside.binnews.com/
KISA Radio,Radio,Radio/Podcast,"Atlanta, GA",34.0725315,-84.3007445,"Atlanta, GA",,Georgia,yes,Nationwide,African Americans,"Lisa Tinsley, lisa@kisaradio.org",Founder,https://kisaradio.org
KJBU,Radio,Radio/Podcast,"4000 S. Rose Avenue, Oxnard, CA 90333",34.1661554,-119.156804,"Oxnard, CA",,California,no,Ventura County,Black diaspora,info@rhythmofthecoast.com,General inbox,http://rhythmofthecoast.com/
KJLH,Radio,Radio/Podcast,"161 N. La Brea Avenue, Inglewood, CA 90301",33.9640941,-118.3539108,"Inglewood, CA",,California,no,Southern California,African-American,"Karen Slade, keslade@kjlhradio.com",General manager,https://kjlhradio.com/
KKSF,Radio,Radio/Podcast,"340 Townsend St., San Francisco, CA 94107",37.7764835,-122.3961974,"San Francisco, CA",,California,no,Oakland/Bay Area,African-American,,,https://bayarea.binnews.com/
KOWN,Radio,Radio/Podcast,"7400 Dodge St Ste 64, Omaha, NE 68114",41.2618234,-96.026467,"Omaha, NE",,Nebraska,no,Omaha,African-American,,,http://www.957fmtheboss.com/
KPOO,Radio,Radio/Podcast,"1329 Divisadero St, San Francisco, CA 94115",37.7819123,-122.4394914,"San Francisco, CA",,California,no,San Francisco,African-American,,,https://kpoo.com/
KSQA,TV,TV,"800 SW Jackson St Ste 1407, Topeka, KS 66612",39.04885023,-95.6756384,"Topeka, KS",,Kansas,no,Topeka,General market,,,
LA Focus,Newspaper (monthly),Newspaper,"333 W Florence Ave, Inglewood, CA 90301",33.9657675,-118.3613068,"Inglewood, CA",,California,no,Los Angeles,African-American,"Lisa Collins, lafocus@aol.com",Publisher and editor,https://lafocusnewspaper.com/
LA Watts Times,Newspaper (weekly),Newspaper,"3800 Crenshaw Blvd, Los Angeles, CA 90008",34.0171055,-118.3346431,"Los Angeles, CA",,California,no,Los Angeles,African-American,"Danny Bakewell, dannysr@lasentinel.net",,https://lawattstimes.com/
Las Vegas Black Image,Magazine (monthly),Magazine,"2412 Santa Clara Drive, Las Vegas, NV 89104",36.1441634,-115.1539217,"Las Vegas, NV",,Nevada,no,Las Vegas,African-American,"Charles and Kimberly Tueraud, cdalasvegas@gmail.com",Co-owners,http://lasvegasblackimage.com/
Las Vegas Soul,Digital,Digital,"Las Vegas, NV",36.19532442,-115.2567198,"Las Vegas, NV",,Nevada,yes,Las Vegas,Urban Entertainment Enthusiasts,,,https://lasvegassoul.com/
Legacy,Newspaper (weekly),Newspaper,"P.O. Box 12474, Richmond, VA 23241",37.5407246,-77.4360481,"Richmond, VA",,Virginia,yes,Richmond,African-American,,,https://virginialegacy.com/
LittleAfrica News,"Newspaper, Digital",Newspaper,"New York, NY",40.74468195,-73.98773033,"New York, NY",,New York,yes,New York City,African Diaspora,"Mona Davids, 347-294-7922, admin@littleafricanews.com",Founder & Publishers,https://www.littleafricanews.com
Los Angeles Sentinel,Newspaper (weekly),Newspaper,"3800 Crenshaw Blvd, Los Angeles, CA 90008",34.01733225,-118.3345573,"Los Angeles, CA",,California,no,Los Angeles,African-American,"Pamela Bakewell, pamela@lasentinel.net",Executive vice president,https://lasentinel.net/
Los Angeles Standard Newspaper,Newspaper (monthly),Newspaper,"2415 W. Martin Luther King Jr. Blvd., Los Angeles, CA 90008",34.0109738,-118.3198683,"Los Angeles, CA",,California,no,"Crenshaw, Baldwin Hills, View Park, Windsor Hills, Ladera Heights, Park Mesa Heights, Leimert Park, West Adams, Jefferson Park, and Mid City",Black Communities,"Jason Lewis, info@lastandardnewspaper.com",Publisher,https://lastandardnewspaper.com/
Los Angeles Wave Newspapers,Newspaper (weekly),Newspaper,"3731 Wilshire Blvd #840, Los Angeles, CA 90010",34.0621726,-118.3076044,"Los Angeles, CA",,California,no,Los Angeles,Multicultural,"Don Wanlass, newsroom@wavepublication.com",Managing editor,http://wavepublication.com/
Louisiana Weekly,Newspaper (weekly),Newspaper,"2215 Pelopidas St, New Orleans, LA 70122",30.0012735,-90.0587303,"New Orleans, LA",,Louisiana,no,New Orleans,African-American,"Renette Dejoie-Hall, rdh@louisianaweekly.com",Executive editor,http://www.louisianaweekly.com/
Louisville Defender,Newspaper (weekly),Newspaper,"1720 Dixie Hwy, Louisville, KY 40210",38.2257873,-85.7919001,"Louisville, KY",,Kentucky,no,Louisville,African-American,loudefender@aol.com,General inbox,https://www.facebook.com/louisvilledefender/
Love Now Media,Video (online),Digital,"836 South Street, Philadelphia, PA 19147",39.9424537,-75.1567156,"Philadelphia, PA",,Pennsylvania,no,Philadelphia,General,"Jos Duncan, jos@lovenowmedia.com",Founder and Chief Storyteller,https://lovenowmedia.com/
Marcom Weekly,"Podcast, Digital",Radio/Podcast,"447 Broadway, 2nd Floor #606, New York, NY 10013",40.72069476,-74.00149866,"New York, NY",,New York,no,National,Marketing and Media professionals,"Kyle Rosenbaum, krosenbaum@marcom.co",Publisher,https://marcomweekly.com
mater mea,Digital,Digital,"New York, NY",40.7443091,-73.9418603,"New York, NY",,Nationwide,yes,Nationwide,Black Mothers,Tomi Akitunde General inquiries: info@matermea.com,Founder,https://matermea.com
MIA Media Group,"Magazine (bimonthly), Digital",Magazine,"2719 Hollywood Blvd. Suite B114 Hollywood, FL 33020",26.01143188,-80.16190067,"Hollywood, FL",,Florida,no,Miami & South Florida,African American,"Dexter Bridgeman, dab@miamediagrp.com, 305-412-9600 Ext. 700",CEO & Founder,https://miamediagrp.com/
Michigan Bulletin,Newspaper (weekly),Newspaper,"P.O. Box 13062 Lansing, MI 48901",42.732535,-84.5555347,"Lansing, MI",,Michigan,yes,Lansing,African-American,"Marcus Jefferson, (517) 321-1234",Publisher,https://mibulletin.com/
Michigan Chronicle,Newspaper (weekly),Newspaper,"1452 Randolph Street #400, Detroit, MI 48226",42.3360246,-83.045598,"Detroit, MI",,Michigan,no,Detroit,African-American,"AJ Williams, aj.williams@michchronicle.com",Managing editor,https://michiganchronicle.com/
Middle Georgia Informer,Newspaper (weekly),Newspaper,"905 Main St, Macon, GA 31217",32.8456384,-83.6084841,"Macon, GA",,Georgia,no,Macon,African-American,"Cornelia Walker, gainformer@yahoo.com",Publisher,http://www.gainformer.com/index.html
Milwaukee Courier,Newspaper (weekly),Newspaper,"2003 W Capitol Dr, Milwaukee, WI 53206",43.0893578,-87.9372717,"Milwaukee, WI",,Wisconsin,no,Milwaukee,African-American,(414) 449-4860,,https://milwaukeecourieronline.com/
Minnesota Spokesman-Recorder,Newspaper (weekly),Newspaper,"3744 4th Ave S, Minneapolis, MN 55409",44.9346125,-93.2705043,"Minneapolis, MN",,Minnesota,no,Minneapolis,African-American,"Tracey Williams-Dillard, twilliams@spokesman-recorder.com",CEO and Publisher,https://spokesman-recorder.com/
Minority Reporter,Newspaper (weekly),Newspaper,"2269 Lyell Avenue, Rochester, NY 14606",43.1635091,-77.6872316,"Rochester, NY",,New York,no,Rochester,African-American,,,http://minorityreporter.net/
Mississippi Free Press,Digital,Digital,"125 S. Congress Street #1324A Jackson, MS 39201",32.29864674,-90.18323773,"Jackson, MS",,Mississippi,no,Mississippi,All-inclusive,"Kimberly Griffin, kimberly@mississippifreepress.org",Founding publisher,https://www.mississippifreepress.org/
Mississippi Link,Newspaper (weekly),Newspaper,"2659 Livingston Rd, Jackson, MS 39213",32.3326962,-90.1976179,"Jackson, MS",,Mississippi,no,Jackson,African-American,"Jackie Hampton, admin@themississippilink.com",Publisher,https://themississippilink.com/
MLK50,Digital,Digital,"1910 Madison Avenue #2220, Memphis, TN 38104",35.1378362,-89.9974864,"Memphis, TN",,Tennessee,no,Memphis,General,info@mlk50.com,,https://mlk50.com
Monroe Free Press,Newspaper (weekly),Newspaper,"216 Collier Ave, Monroe, LA 71201",32.5188362,-92.0821867,"Monroe, LA",,Louisiana,no,Monroe,African-American,"Roosevelt Wright, freepress1969@yahoo.com",Owner,https://www.monroefreepress.net/
Murfreesboro Vision,Newspaper (weekly),Newspaper,"P.O. Box 60487, Nashville, TN 37206",36.1775724,-86.7488033,"Nashville, TN",,Tennessee,yes,Murfressboro,African-American,,,https://www.pridepublishinggroup.com/pride/
Muslim Journal,Newspaper (weekly),Newspaper,"227 E. 51st Street, Chicago, IL 60615",41.8019524,-87.6201073,"Chicago, IL",,Illinois,no,Chicago,Black Muslim,feedback@muslimjournal.net,General inbox,https://muslimjournal.net/
N'Digo,Newspaper (weekly),Newspaper,"329 West 18th Street Suite 613. Chicago, IL 60616",41.8573357,-87.6360067,"Chicago, IL",,Illinois,no,Cook County,African-American,"Helene Hartman, hhartman@ndigo.com",Founder,https://ndigo.com/
Nashville Pride,Newspaper (weekly),Newspaper,"4065 Gallatin Pike., Nashville, TN 37216",36.2207214,-86.7270392,"Nashville, TN",,Tennessee,no,Nashville,African-American,,,https://www.pridepublishinggroup.com/pride/
NAZAR,Digital,Digital,"Philadelphia, PA",40.01233933,-75.08611284,"Philadelphia, PA",,Pennsylvania,yes,Nationwide,African-American,"Vanessa Taylor, inquiries.taylor@gmail.com",Founder,https://nazar.substack.com/
New Orleans Tribune,Newspaper (monthly),Newspaper,"2317 Esplanade Avenue, New Orleans, LA 70119",29.9740906,-90.0750496,"New Orleans, LA",,Louisiana,no,New Orleans,African-American,"Dwight McKenna, dwightmckenna@mckennapublishing.com",Publisher,https://theneworleanstribune.com/
New Pittsburgh Courier,Newspaper (weekly),Newspaper,"315 E Carson St, Pittsburgh, PA 15219",40.4295644,-79.9971877,"Pittsburgh, PA",,Pennsylvania,no,Pittsburgh,African-American,,,https://newpittsburghcourier.com/
New York Amsterdam News,Newspaper (weekly),Newspaper,"2340 Frederick Douglass Blvd, New York, NY 10027",40.8105257,-73.9505625,Harlem (NY),,New York,no,NYC,African-American,,,http://amsterdamnews.com/
New York Beacon,Newspaper (weekly),Newspaper,"600 3rd Ave, New York, NY 10016",40.7493238,-73.9759092,"New York, NY",,New York,no,NYC,African-American,,,https://newyorkbeacon.com/
New York Parrot,"Newspaper, TV program, Digital",Newspaper,"New York, NY",40.82875427,-73.85579332,"New York, NY",,New York,yes,New York City,People of Color,"Mutiu Olawuyi, https://www.newyorkparrot.com/bs-contact-us/",Chief Editor,https://www.newyorkparrot.com/
NewsOne.com,Digital,Digital,"4 NY Plaza Suite 501. New York, NY 10004",40.7027069,-74.0107185,"New York, NY",,New York,no,National,Black Americans,"Anoa Changa, achanga@ionedigital.com",Editor,https://newsone.com/
NJ Urban News,Digital,Digital,"625 Broad Street, Suite 240, Newark, NJ 07102",40.74052095,-74.16996677,"Newark, NJ",,New Jersey,no,New Jersey,Black,"Dorothy Howell, 973-548-9692, info@njurbannews.com",CEO,https://njurbannews.com/
NOISE,Digital,Digital,"2422 Lake St, Omaha, NE 68111",41.2816288,-95.9479949,"Omaha, NE",,Nebraska,no,North Omaha,General,"make@noiseomaha.com, (402) 807-5076",General inbox,https://www.noiseomaha.com/
Nomadic Hustle,Podcast,Radio/Podcast,"P.O Box 18463, Seattle, WA 98118",47.54482806,-122.2656662,"Seattle, WA",,Washington,yes,Statewide,Somali,,,https://www.youtube.com/c/NomadicHustle/featured
North Dallas Gazette,Newspaper (weekly),Newspaper,"P. O. Box 763866, Dallas, TX 75376-3866",32.71,-96.84,"Dallas, TX",,Texas,yes,Dallas,African-American,,,https://northdallasgazette.com/
North Lawndale News,Newspaper (weekly),Newspaper,"5650 West Madison Street, Chicago, IL 60644",41.8805443,-87.7669132,"Chicago, IL",,Illinois,no,Chicago,African-American,"Isaac Lewis Jr., isaacl@nlcn.org",Executive director,http://nlcn.org/
Northend Agents,"Newspaper (weekly), Digital",Newspaper,"150 Trumbull St Fl 4, Hartford, CT 06103 ...",41.766701,-72.6753458,"Hartford, CT",,Connecticut,no,Hartford,African-American,submissions@northendagents.com,General inbox,https://www.northendagents.com/
Notedd,Newsletter,Digital,"Washington, D.C.",38.8851195,-76.9541598,"Washington, D.C.",,"Washington, D.C.",yes,National,Black Women,"Lauren Strayhorn, https://www.notedd.com/contact",Founder,https://www.notedd.com/
NYIHA Media,Digital,Digital,"700 Columbus Ave # 20744, New York, NY 10025",40.7921145,-73.9683676,"New York, NY",,New York,no,New York,Diaspora,"Steeve Coupeau, (646) 301-0146",Founder,https://nyiha.com/
OkayAfrica,Digital,Digital,"Brooklyn, NY",40.71547172,-73.95311816,"Brooklyn, NY",,New York,yes,International,African Diaspora,"Rachel Hislop, https://www.okayplayer.com/about/contact",VP of Content/Editor in Chief,https://www.okayafrica.com/
Okayplayer,Digital,Digital,"Brooklyn, NY",40.71747729,-73.9447457,"Brooklyn, NY",,New York,yes,International,Music Enthusiasts,"Rachel Hislop, https://www.okayplayer.com/about/contact",VP of Content/Editor in Chief,https://www.okayplayer.com/
The ONME Network,Online aggregator,Digital,,,,,,California,yes,Central Valley,African-American,Julia Dudley Najieb,CEO,https://www.onmenews.com/
Orlando Advocate,Newspaper (weekly),Newspaper,"30 Coburn Ave., Orlando, FL 32805",28.5431866,-81.4088811,"Orlando, FL",,Florida,no,Orlando,African-American,webmaster@orlandoadvocate.com,General inbox,https://orlandoadvocate.com/
Our Body Politic,Podcast,Radio/Podcast,N/A,,,,,Nationwide,NA,Nationwide,Women of Color,,,https://our-body-politic.simplecast.com
Our Time Press,Newspaper (weekly),Newspaper,"358 Classon Ave, Brooklyn, NY 11238",40.6882594,-73.9600187,"Brooklyn, NY",,New York,no,NYC,African-American,,,https://www.ourtimepress.com/
Our Times Newspaper,Newspaper (biweekly),Newspaper,"605 S Evans Ave, Evansville, IN 47713",37.9697077,-87.5526609,"Evansville, IN",,Indiana,no,Evansville,African-American,"Gene Kendrick, kendrick47713@gmail.com",Sales manager,https://www.ourtimesnewspaper.com/Media/Index.html
Our Weekly,Newspaper (weekly),Newspaper,"8732 S. Western Avenue, Los Angeles, CA 90047",33.9582512,-118.3087012,"Los Angeles, CA",,California,no,Los Angeles,African-American,"Natalie Cole, info@ourweekly.com",Publisher and CEO,http://ourweekly.com/
PACE News,Newspaper (weekly),Newspaper,"3707 West 54th Street, Los Angeles, CA 90043",33.9932289,-118.3380435,"Los Angeles, CA",,California,no,Los Angeles,African-American,"Gloria Zuurveen, gloriaz@pacenews.net",Publisher,https://www.pacenewsonline.com/
Pasadena/San Gabriel Valley Journal,Newspaper (weekly),Newspaper,"1541 N. Lake Avenue, Pasadena, CA 91104",34.1724438,-118.1324063,"Pasadena, CA",,California,no,Pasadena,African-American,"Joe C. Hopkins, journal@pasadenajournal.com",Publisher,https://www.pasadenajournal.com/
Philadelphia Sunday Sun,Newspaper (weekly),Newspaper,"6661-63 Germantown Ave, Philadelphia, PA 19119",40.0511873,-75.1846711,"Philadelphia, PA",,Pennsylvania,no,Philadelphia,African-American,,,https://www.philasun.com/
PhxSoul.com,Digital,Digital,"Phoenix, AZ",33.5006331,-112.1729214,"Phoenix, AZ",,Arizona,yes,Phoenix,African-American,"Tremaine Jasper, info@phxsoul.com",Owner,https://www.phxsoul.com/
Plugged,Digital,Digital,"St. Paul, MN",44.9507842,-93.1604752,"St. Paul, MN",,Minnesota,yes,Nationwide,African-American,"Jeffrey Bissoy-Mattis, @J_bissoy",Co-founder,https://thepluggedapp.com/
Ponchatoula Drum,Newspaper (monthly),Newspaper,"17253 Lavigne Rd, Ponchatoula, LA 70454-2485",30.4540752,-90.4361986,"Ponchatoula, LA",,Louisiana,no,Ponchatoula,African-American,news@thedruminfo.com,General inbox,http://www.thedrumnewspaper.info/
Portland Observer,Newspaper (weekly),Newspaper,"4747 NE Martin Luther King Jr Blvd, Portland, OR 97211",45.5573585,-122.6619916,"Portland, OR",,Oregon,no,Portland,African-American,,,http://portlandobserver.com/
Post News Group,Newspaper (weekly),Newspaper,"360 14th St, Oakland, CA 94612",37.8036705,-122.26911,"Oakland, CA",,California,no,Oakland/Bay Area,African-American,"Paul Cobb, social@postnewsgroup.com",Publisher,https://www.postnewsgroup.com/
Precinct Reporter,Newspaper (weekly),Newspaper,"357 W 2nd St, San Bernardino, CA 92401",34.102447,-117.2908951,"San Bernardino, CA",,California,no,Long Beach/Southern California,African-American,"Brian Townsend, news@precinctreporter.com",Publisher and editor,https://www.precinctreporter.com/
Pride Magazine,Magazine (monthly),Magazine,"8401 University Executive Park Drive, Ste. 122, Charlotte, NC 28262",35.3033661,-80.7542848,"Charlotte, NC",,North Carolina,no,Charlotte,African-American,"Dee Dixon, info@pridemagazine.net",Publisher,http://www.pridemagazineonline.com/
Public Intellectuals,Digital,Digital,"New York, NY",40.7515125,-73.9963224,"New York, NY",,New York,yes,Nationwide,African-American/working class,"Teka Lo, teex@publicintellectuals.org",Editor,http://publicintellectuals.org/
Public Square Amplified,Digital,Digital,"Newark, NJ",40.7350747,-74.1739057,"Newark, NJ",,New Jersey,yes,Newark,Marginalized Communities,info@publicsq.org,"Cassandra Etienne, Co-founder",https://www.publicsq.org/
Pulsebeat Media,"Digital, TV program",Digital,"Detroit, MI",42.331427,-83.0457538,"Detroit, MI",,Michigan,yes,Detroit,General,Greg Dunmore,Executive Producer,https://pulsebeatmedia.com
Pure News USA,Newspaper (monthly),Newspaper,"1701 S College St, Springfield, IL 62704",39.7826392,-89.6577581,"Springfield, IL",,Illinois,no,Springfield,African-American,"James Anderson, tellit@purenews.com",Advertising director,http://www.purenews.com/
PushBlack,Digital,Digital,"Washington, D.C.",38.8979438,-77.0049635,"Washington, D.C.",,"Washington, D.C.",yes,Nationwide,African-American,Jay Andrew,Editor,https://pushblack.us
PW Perspective,Digital,Digital,"P.O. Box 223, Dumfries, VA 22026",38.57648132,-77.30271798,"Dumfries, VA",,Virginia,yes,"Prince William County, Virginia","Black, Latinx, Muslim, and immigrant communities","John Reid, 571-406-2772, pwperspective@gmail.com",Founder/Editor-In-Chief,https://pwperspective.com/
Qcitymetro,Digital,Digital,"6241 South Blvd, Charlotte, NC 28217",35.1512613,-80.8753101,"Charlotte, NC",,North Carolina,no,Charlotte,African-American,"Katrina Louis, katrinalouis@qcitymetro.com",Managing editor,https://qcitymetro.com/
Queerency,Digital,Digital,N/A,30.267153,-97.7430608,,,Texas,yes,Nationwide,LGBT+ Business Community,https://www.queerency.com/about,,https://www.queerency.com
Radio One (KBFB/KSOC),Radio,Radio/Podcast,"8235 Douglas Ave, Dallas, TX 75225",32.8632247,-96.809103,"Dallas, TX",,Texas,no,Dallas,African-American,,,https://thebeatdfw.com
Radio Soleil D'Haiti,Radio,Radio/Podcast,N/A,40.6465005,-73.9493428,"Brooklyn, NY",,New York,yes,New York City,Haitian Diaspora,"radsol@aol.com, 718-693-7806",,http://www.radiosoleil.com
Rebellious Magazine for Women,Digital,Digital,N/A,41.8781136,-87.6297982,"Chicago, IL",,Illinois,yes,Chicago,Feminists,"Karen Hawkins, info@rebelliousmagazine.com, (773) 800-1475",Founder and Rebelle in Chief,https://rebelliousmagazine.com
Richmond Free Press,Newspaper (weekly),Newspaper,"422 E Franklin St # 2, Richmond, VA 23219",37.5415075,-77.4391456,"Richmond, VA",,Virginia,no,Richmond,African-American,,,http://richmondfreepress.com/
Richmond Pulse,Newspaper (monthly),Newspaper,"P.O. Box 70977, Point, Richmond, CA, 94807",37.9271701,-122.3849729,"Richmond, CA",,California,yes,Richmond,Multicultural,"Malcolm Marshall, info@richmondpulse.org",Founder,https://richmondpulse.org/
Runta (The Truth),"Digital, Magazine (monthly)",Digital,"P.O. Box 18463, Seattle, WA 98118-0463",47.54132112,-122.2675701,"Seattle, WA",,Washington,yes,Statewide,Somali,,,http://runtanews.com/
Rwebel LLC,"Magazine, Digital, Podcast",Magazine,"Chicago, IL",41.8003921,-87.603826,"Chicago, IL",,Illinois,yes,Nationwide,African-American,"Javanna Plummer, javannawplummer@gmail.com, (773) 217-0079",Founder,http://www.rwebel.com/
Sacramento Cultural Hub,"Digital, Magazine (quarterly)",Digital,"2572 21st St, Sacramento, CA 95818",38.5587428,-121.4864625,"Sacramento, CA",,California,no,Sacramento,African-American,"Pleshette Robertson, contact@sacculturalhub.com",CEO,https://www.sacculturalhub.com/
Sacramento Observer,Newspaper (weekly),Newspaper,"1825 Del Paso Blvd, Sacramento, CA 95815",38.6087806,-121.4541951,"Sacramento, CA",,California,no,Sacramento,African-American,"Larry Lee, editor@sacobserver.com",Editor,http://sacobserver.com/
Sahan Journal,Digital,Digital,"370 Wabasha St. N. Suite 500, St. Paul, MN 55102",44.9461828,-93.0941778,"St. Paul, MN",,Minnesota,no,State of Minnesota,Immigrant,Mukhtar M. Ibrahim: editor@sahanjournal.com,Editor,https://sahanjournal.com/
Salaxley TV,Video (online),Digital,"15245 International Blvd, Seattle, WA 98188",47.465994,-122.2895814,"Seattle, WA",,Washington,no,Statewide,Somali,salaxleytv@gmail.com,,https://www.youtube.com/channel/UCbd3ooNLzxDqu-1LOZwtvIA
San Diego Monitor,Magazine (weekly),Magazine,"5106 Federal Blvd. Ste. 207, San Diego, CA 92114",32.7220505,-117.0844417,"San Diego, CA",,California,no,San Diego,African-American,sdmonitor@outlook.com,General inbox,https://sdmonitornews.com/
San Diego Voice and Viewpoint,Newspaper (weekly),Newspaper,"3619 College Ave, San Diego, CA 92115",32.7466186,-117.0588105,"San Diego, CA",,California,no,San Diego,African-American,"John E. Warren, news@sdvoice.info",Editor,https://sdvoice.info/
San Francisco Bay View,Newspaper (monthly),Newspaper,"4917 3rd Street, San Francisco, CA 94124",37.7336367,-122.3908646,"San Francisco, CA",,California,no,San Francisco/Bay Area,African-American,editor@sfbayview.com,General inbox,https://sfbayview.com/
San Francisco Sun Reporter,Newspaper (weekly),Newspaper,"1791 Bancroft Ave, San Francisco, CA 94124",37.7269636,-122.3957327,"San Francisco, CA",,California,no,San Francisco/Bay Area,African-American,"Gail Berkley, sunmedia97@aol.com",Editor,http://sunreportermedia.com/
Sapelo Square,Digital,Digital,N/A,33.7748275,-84.2963123,,,Nationwide,yes,Nationwide,Black Muslims,info@sapelosquare.com,General inbox,https://sapelosquare.com/
Savannah Herald,Newspaper (weekly),Newspaper,"2135 Rowland Ave b, Savannah, GA 31404",32.03885,-81.0631324,"Savannah, GA",,Georgia,no,Savannah,African-American,"Kenny Adams, news@savannahherald.net",Managing editor,https://savannahherald.net/
Scalawag,Digital,Digital,"P.O. Box 129, Durham, NC 27702",35.99,-78.9,"Durham, NC",,North Carolina,yes,Regional,African-American,"Cierra Hinton, team@scalawagmagazine.org",Executive Director,https://scalawagmagazine.org/
Scoop USA,Newspaper (weekly),Newspaper,"1354 West Girard Avenue, 2nd Floor Rear, Philadelphia, PA 19122",39.9712359,-75.1589471,"Philadelphia, PA",,Pennsylvania,no,Philadelphia,African-American,,,https://scoopusamedia.com/
Seaside Post News-Sentinel,Newspaper (weekly),Newspaper,"P.O. Box 670, Seaside, CA 93955",36.6216869,-121.7993168,"Seaside, CA",,California,yes,Seaside,African-American,"Alade Djehuti-Mes, seasidepostnews@gmail.com",Publisher,http://seasidepost-california.com/
Sesi,Magazine (quarterly),Magazine,"524 Garrisonville Rd, Unit 549, Garrisonville, VA 22463",38.47455067,-77.43525886,"Garrisonville, VA",,Virginia,no,National & International Audiences,Black Teen Girls,"Andrea Butler, editor@sesimag.com",EIC/Publisher,http://sesimag.com
Shadow & Act,Digital,Digital,600 Wilshire Blvd Los Angeles CA 90017,,,"Los Angeles, CA",,California,no,Nationwide,Black Entertainment Professionals,,,https://shadowandact.com
Shaw's Broadcasting Co. (WBOL/WOJG),Radio,Radio/Podcast,"123 W Market St, Bolivar, TN 38008",35.2559211,-88.9889085,"Bolivar, TN",,Tennessee,no,Bolivar,African-American,,,http://www.wojg.com/
Shreveport Sun,Newspaper (weekly),Newspaper,"2224 Jewella Ave, Shreveport, LA 71109",32.4903703,-93.7975921,"Shreveport, LA",,Louisiana,no,Shreveport,African-American,"Sonya Collins Landry, sunweekly@aol.com",Editor,https://www.sunweeklynews.com/
SOHH.com,Digital,Digital,"PO Box 374, Jersey City, NJ 07302",40.72405195,-74.05287448,"Jersey City, NJ",,New Jersey,yes,National,Hip-Hop Enthusiasts,"Felicia Palmer, felicia@sohh.com",Founder,https://www.sohh.com
SomaliVoices of North America (SomaliVoices),Social Media/Facebook,Digital,"7724 35th Ave NE, Seattle, WA 98115",47.6854906,-122.2900862,"Seattle, WA",,Washington,no,Nationwide,Somali,somalivoices@gmail.com,,https://www.facebook.com/somalivoices
South Carolina Black News,Newspaper (weekly),Newspaper,"1310 Harden St, Columbia, SC, 29204-1820",34.0080054,-81.0196139,"Columbia, SC",,South Carolina,no,Columbia,African-American,,,http://www.scblackmediagroup.com/
South Florida Times,Newspaper (weekly),Newspaper,"3020 North East 32 Avenue Suite 200, Fort Lauderdale, FL 33308",26.1660836,-80.1030953,"Fort Lauderdale, FL",,Florida,no,Miami/South Florida,African-American,"CB Hanif, CBHanif@SFLTimes.com",Editor,http://www.sfltimes.com/
South Seattle Emerald,Digital,Digital,"P.O. Box 28505, Seattle, WA 98118",47.6062095,-122.3320708,"Seattle, WA",,Washington,yes,South Seattle,BIPOC,contact@seattleemerald.org,General inbox,https://southseattleemerald.com/
Southern Dallas County Business & Living Magazine,Magazine (monthly),Magazine,N/A,,,,,Texas,NA,Southern Dallas County,General,"James Valentino Thomas II, 972-765-6201, southerndallasmag@gmail.com",Founder,https://www.southerndallasmagazine.com
Speakin' Out News,Newspaper (weekly),Newspaper,"101 Oakwood Ave NW, Huntsville, AL 35811",34.7494744,-86.5823969,"Huntsville, AL",,Alabama,no,Huntsville,African-American,"William Smothers, speakinoutnews@gmail.com",Publisher,https://speakinoutweeklynews.net/
St. Louis American,Newspaper (weekly),Newspaper,"2315 Pine St, St. Louis, MO 63103",38.6323979,-90.2132678,"St. Louis, MO",,Missouri,no,St. Louis,African-American,,,https://www.stlamerican.com/
Star of Zion,Newspaper (weekly),Newspaper,"P.O. Box 26770, Charlotte, NC 28221",35.3054198,-80.806238,"Charlotte, NC",,North Carolina,yes,Charlotte; regional,African-American,"Addie Lisby, starofzioneditor@gmail.com",Editor,https://www.soznews.org/
Street Hype Newspaper,Newspaper (twice monthly),Newspaper,"329 Miller Place, Mount Vernon, NY 10550",40.8981354,-73.8245566,"Mount Vernon, NY",,New York,no,Greater New York,"African-American, Caribbean","Patrick Maitland, 
patrick@streethypenewspaper.com, 
914-663-4973 (o) / 718-753-9469 (c)",Publisher/Owner,http://www.streethypenewspaper.com/
Supercreator,Digital,Digital,N/A,,,,,Nationwide,NA,Nationwide,Creators,Michael Jones,Founder & Editor,https://www.supercreator.news
SwagHer Magazine,"Magazine, Digital",Magazine,"Baton Rouge, LA",30.4514677,-91.1871466,"Baton Rouge, LA",,Louisiana,yes,,Black Community,Francheska “Fancy” Felder,Founder,https://swagheronline.com
Tacoma True Citizen,Newspaper (weekly),Newspaper,"P.O. Box 22047. Seattle, WA 98122-0047",47.6186912,-122.3260605,"Seattle, WA",,Washington,yes,Tacoma,African-American,,,https://seattlemedium.com/
Telegram Newspaper,Newspaper (weekly),Newspaper,"3715 W Jefferson Ave, Ecorse, MI 48229",42.2591321,-83.1379698,"Ecorse, MI",,Michigan,no,South Detroit suburbs,African-American,"Gina Wilson, telegram@telegramnews.net",Publisher,https://www.telegramnews.net/
Tempo News,Newspaper (weekly),Newspaper,"3006 Goodrich Ave, Sarasota, FL 34234",27.3626564,-82.5366559,"Sarasota, FL",,Florida,no,Sarasota and Manatee counties,African-American/the working class,"Johnny Hunter, temponewsrq@gmail.com",Publisher,https://temponewsflorida.com/
Texas Metro News,Newspaper (twice monthly),Newspaper,"320 S RL Thornton Freeway Service Rd, Dallas, TX 75203",,,"Dallas, TX",,Texas,no,State of Texas,African-American,,,https://texasmetronews.com/
The AC Phoenix,Newspaper (monthly),Newspaper,"1959 N N Peace Haven Rd #275, Winston-Salem, NC 27106",36.1183742,-80.3109954,"Winston-Salem, NC",,North Carolina,no,Winston-Salem,African-American,,,https://www.theacphoenixnews.com/
The Akron Reporter,Newspaper (weekly),Newspaper,"P.O. Box 2042, Akron, OH 44309",41.0645305,-81.5191832,"Akron, OH",,Ohio,yes,Akron,African-American,,,https://www.thereporternewspaperonline.com/
The Albany Southwest Georgian,Newspaper (weekly),Newspaper,"407 South Slappey, Boulevard, Albany, GA 31701",31.571265,-84.1767716,"Albany, GA",,Georgia,no,Albany,African-American,"Gloria Gaines, (229) 436-2165",Editor,http://www.albanysouthwestgeorgian.com/
The Atlanta Inquirer,Newspaper (weekly),Newspaper,"947 Martin Luther King Jr Dr NW Atlanta, GA 30314",33.7549809,-84.4186076,"Atlanta, GA",,Georgia,no,Atlanta,African-American,info@atlinqu.com,General inbox,https://atlinq.com/
The Atlanta Voice,Newspaper (weekly),Newspaper,"633 Pryor St SW #2789, Atlanta, GA 30312",33.7375423,-84.3949194,"Atlanta, GA",,Georgia,no,Atlanta,African-American,"Janis Ware, jlware@theatlantavoice.com",Publisher,https://www.theatlantavoice.com/
The Baltimore Times,Newspaper (weekly),Newspaper,"2513 N Charles St, Baltimore, MD 21218",39.3183203,-76.6167438,"Baltimore, MD",,Maryland,no,Baltimore,African-American,btimes@btimes.com,General inbox,http://baltimoretimes-online.com/
The Black Chronicle,Newspaper (weekly),Newspaper,"1528 NE 23rd St A, Oklahoma City, OK 73111",35.4928548,-97.4842068,"Oklahoma City, OK",,Oklahoma,no,Oklahoma City,African-American,,,https://blackchronicle.com/
The Black Lens,Newspaper (monthly),Newspaper,"1312 N. Monroe Street, #148, Spokane, WA 99201",47.6696845,-117.4263127,"Spokane, WA",,Washington,no,Spokane,African-American,"Sandy Williams, sandy@blacklensnews.com, (509) 795-1964","Editor, Publisher",http://blacklensnews.com/
The Black Times,Digital,Digital,"305 NW 5th St, Oklahoma City, OK 73102",35.4737641,-97.5181671,"Oklahoma City, OK",,Oklahoma,no,Oklahoma City,African-American,"Tyreke Baker, @tyrekebakerTBT",Founder,https://twitter.com/TheBlackTimesOK
The Black Wall Street Times,Digital,Digital,"2920 S 129th E Ave, Tulsa, OK 74146",36.1210401,-95.8339971,"Tulsa, OK",,Oklahoma,no,Tulsa,African-American,"Nehemiah Frank, nehemiah@bwstimes.com",Publisher,https://theblackwallsttimes.com/
The Bowie Sun,Digital,Digital,"P.O. Box 364, Bowie, MD 20719",38.98006574,-76.76008586,"Bowie, MD",,Maryland,yes,"Bowie, MD",General,"Catherine Hollingsworth, (202) 430-5513, info@bowiesun.com

",Editor,https://bowiesun.com
The Buckeye Review,Newspaper (monthly),Newspaper,"2344 Coronado Ave, Youngstown, OH 44504",41.1324275,-80.6547798,"Youngstown, OH",,Ohio,no,Youngstown,African-American,,,https://buckeyereview.org/
The Carolinian,Newspaper (weekly),Newspaper,"1504 New Bern Ave, Raleigh, NC 27610",35.7796189,-78.6167345,"Raleigh, NC",,North Carolina,no,Raleigh,African-American,,,https://caro.news/
The Champion Newspaper,Newspaper (weekly),Newspaper,"114 New St # E, Decatur, GA 30030",33.7730061,-84.2844549,"Decatur, GA",,Georgia,no,Decatur,African-American,"Carolyn Glenn, cfjglenn@dekalbchamp.com",Publisher,http://thechampionnewspaper.com/
The Charleston Chronicle,Newspaper (weekly),Newspaper,"1111 King St, Charleston, SC 29403",32.8070814,-79.951155,"Charleston, SC",,South Carolina,no,Charleston,African-American,,,https://www.charlestonchronicle.net/
The Charlotte Post,Newspaper (weekly),Newspaper,"5118 Princess St., Charlotte, NC 28269",35.2861375,-80.8002949,"Charlotte, NC",,North Carolina,no,Charlotte,African-American,"Gerald Johnson, publisher@thecharlottepost.com",Publisher,http://www.thecharlottepost.com/
The Charlotte Voice,Digital,Digital,"Charlotte, NC",35.24682427,-80.87829015,"Charlotte, NC",,North Carolina,yes,"Charlotte, NC",Charlotte Residents,"Alicia Benjamin, aliciabenjamin@thecharlottevoice.com",Founder,https://join.thecharlottevoice.com
The Chocolate Voice,Digital,Digital,"Tucson, AZ",32.2355099,-110.9403252,"Tucson, AZ",,Arizona,yes,Nationwide,African-American,,,https://thechocolatevoice.com/
The Chundria Show,TV,TV,"P.O. Box 437334, Chicago, IL 60643",41.6907245,-87.6676463,"Chicago, IL",,Illinois,yes,Nationwide,General,"Chundria Brownlow, info@thechundriashow.com",Host/Producer,https://www.thechundriashow.com/
The Cincinnati Herald,Newspaper (weekly),Newspaper,"3440 Burnet Ave, Cincinnati, OH 45229-2843",39.1435003,-84.4996864,"Cincinnati, OH",,Ohio,no,Cincinnati,African-American,,,https://thecincinnatiherald.com/
The Cleveland Observer,"Newspaper (monthly), Digital",Newspaper,"11459 Euclid Ave #302, Cleveland, OH 44103",41.510157,-81.6040943,"Cleveland, OH",,Ohio,no,Cleveland,African-American,"Ron Calhoun, theclevelandobserver@gmail.com, (216) 236-8081",Publisher,https://www.theclevelandobserver.com/
The Columbus Post,Newspaper (weekly),Newspaper,"770 E Main St, Columbus, OH 43205",39.9582803,-82.9788638,"Columbus, OH",,Ohio,no,Columbus,African-American,,,http://columbuspost.com/
The Columbus Times,Newspaper (weekly),Newspaper,"2230 Buena Vista Rd, Columbus, GA 31906",32.4641594,-84.9584466,"Columbus, GA",,Georgia,no,Columbus,African-American,"Petra Ophelia Gertjegerdes, columbustimes706@gmail.com",Publisher,http://www.columbustimes.com/
The Communicator News,Newspaper (weekly),Newspaper,"90 W Campus View Blvd, Columbus, OH 43235",40.11747,-83.0186606,"Columbus, OH",,Ohio,no,"Columbus, Cincinnati, Dayton, Cleveland",African-American,,,http://communicatornews.homestead.com/
The Community Press,Newspaper (monthly),Newspaper,"3510 Veronica Shoemaker Plaza, Suite 3, Fort Myers, FL 33916",26.6407047,-81.8416656,"Fort Myers, FL",,Florida,no,Fort Myers,African-American,"James Middlebrooks, jamesmiddlebrooks08@gmail.com",Publisher,http://thecommunitypressfla.org/index.html
The Community Voice,Newspaper (biweekly),Newspaper,"2918 E Douglas Ave, Wichita, KS 67214",37.6865095,-97.3018573,"Wichita, KS",,Kansas,no,Wichita,African-American,"Bonita Gooch, press@tcvpub.com",Editor,https://www.thecommunityvoice.com/
The Culture Professional,Social Media/Facebook,Digital,"Lancaster, PA",40.0533287,-76.3006222,"Lancaster, PA",,Pennsylvania,yes,Central Pennsylvania,Marginalized Communities,TCPNetwork254@gmail.com,,https://www.thetcpnetwork.com/wtcp
The Dallas Weekly,Newspaper (weekly),Newspaper,"3101 Martin Luther King Jr Blvd., Dallas, TX 75215",32.7725472,-96.7650629,"Dallas, TX",,Texas,no,Dallas,African-American,,,https://www.dallasweekly.com/
The Drinking Gourd,Digital,Digital,"Philadelphia, PA",40.0126023,-75.0862094,"Philadelphia, PA",,Pennsylvania,yes,Nationwide,Black Muslim,"Vanessa Taylor, inquiries.taylor@gmail.com",Founder,https://medium.com/the-drinking-gourd
The East Tennessee Enlightener,Digital,Digital,"P.O. Box 14315, Knoxville, TN 37914",35.9606384,-83.9207392,"Knoxville, TN",,Tennessee,yes,Knoxville/East TN counties,African-American,,,https://etenlightener.com/
The Emancipator,Digital,Digital,"1 Exchange Pl, Ste 201, Boston, MA 02109-2132",42.3583542,-71.0557347,"Boston, MA",,Massachusetts,no,Boston,Multicultural,,,https://www.bostonglobe.com/opinion/the-emancipator/
The Facts,Newspaper (weekly),Newspaper,"1112 34th Ave, Seattle, WA 98122",47.6121334,-122.2890352,"Seattle, WA",,Washington,no,Seattle,African-American,"Marla and LaVonne Beaver, seattlefacts@yahoo.com, 206.324.0552",Operators,https://www.thefactsnewspaper.com
The Fayetteville Press,Newspaper (biweekly),Newspaper,"3635 Sycamore Dairy Rd # C, Fayetteville, NC 28303",35.0773728,-78.9414259,"Fayetteville, NC",,North Carolina,no,Fayetteville,African-American,,,http://www.fayettevillepress.com/
The Final Call,Newspaper (weekly),Newspaper,"734 W 79th St, Chicago, IL 60620",41.7509156,-87.6429873,"Chicago, IL",,Illinois,no,Chicago/Midwest,Black Muslim,"Naba'a B. Muhammad, fcnprod@aol.com",Editor in chief,https://new.finalcall.com/
The Florida Star/The Georgia Star,Newspaper (weekly),Newspaper,"P.O. Box 40629. Jacksonville, FL 32203",30.3372669,-81.6708913,"Jacksonville, FL",,Florida,yes,Jacksonville/NE Florida/Georgia line,African-American,"Clara McLaughlin, info@thefloridastar.com",Publisher,https://www.thefloridastar.com/
The Florida Sun-Review,Newspaper (weekly),Newspaper,"2700 Catalina Dr., Orlando, FL 32805",28.5146113,-81.4117791,"Orlando, FL",,Florida,no,"Orlando, central Florida",African-American,"James Madison, sunreview@aol.com",Publisher,http://www.floridasunreview.com/
The Good Works Show,Podcast,Radio/Podcast,"Atlanta, GA",33.8114764,-84.2695448,"Atlanta, GA",,Georgia,yes,Atlanta,General,goodworks@ging.org,General inbox,https://goodwillng.org/news-room/good-works-radio-show/
The Haitian Times,Digital,Digital,"P.O. Box 21628, Brooklyn, NY 11202",40.6924765,-73.9908756,"Brooklyn, NY",,New York,yes,NYC,Haitian,,,https://haitiantimes.com/
The Informant,Status unknown,NA,N/A,,,,,Virginia,NA,Buckingham County,African-American,,,
The Informed Village,"Digital, Podcast",Digital,"Evanston, IL",42.0450722,-87.6876969,"Evanston, IL",,Illinois,yes,Evanston,Politics,"Bobby Burns, question@theinformedvillage.com",Founder & Business Manager,https://www.theinformedvillage.com
The Intersection Magazine,Medium publication,Digital,"Hyattsville, MD",38.9563235,-76.9623707,"Hyattsville, MD",,Maryland,yes,Nationwide,African-American,,,https://medium.com/the-intersection
The Jackson Blazer,Newspaper (weekly),Newspaper,"P.O. Box 806, Jackson, MI 49202",42.2639638,-84.4241906,"Jackson, MI",,Michigan,yes,Jackson,African-American,"Alan Wade, jacksonblazer@gmail.com",Publisher,https://thejacksonblazer.com/
The Jerusalem Chronicle,Newspaper (monthly),Newspaper,"555 S B B King Blvd, Memphis, TN 38101",35.1315721,-90.0549916,"Memphis, TN",,Tennessee,no,Memphis,African-American Jews,,,https://twitter.com/jerusalemchroni
The Lede,Newsletter,Digital,N/A,,,,,Nationwide,NA,Nationwide,Media job-seekers,"Kiara Joseph, theledenewsletter@gmail.com",,https://thelede.substack.com
The Live Exchange,Radio,Radio/Podcast,N/A,,,,,Nationwide,NA,Nationwide,African-American,"Dr. Pamela Antoinette, booking@theliveexchange.com",Host,http://www.theliveexchangeradio.com/
The Madison Times,Newspaper (weekly),Newspaper,"313 West Beltline Hwy ste 132, Madison, WI 53713",43.0364728,-89.3882724,"Madison, WI",,Wisconsin,no,Madison,African-American,,,https://themadisontimes.themadent.com
The Metro Courier,Newspaper (weekly),Newspaper,"314 Walton Way, Augusta, GA 30901",33.4642385,-81.9581909,"Augusta, GA",,Georgia,no,Augusta,African-American,"Barbara Gordon, (706) 724-6556",Publisher,
The Miami Times,Newspaper (weekly),Newspaper,"900 NW 54 Street. Miami, FL 33127",25.8245786,-80.2112599,"Miami, FL",,Florida,no,Miami,African-American,"Penny Dickerson, editorial@miamitimesonline.com",Managing editor,https://www.miamitimesonline.com/
The Milwaukee Community Journal,Newspaper (weekly),Newspaper,"3612 N Doctor M.L.K. Jr Dr, Milwaukee, WI 53212",43.0834243,-87.919044,"Milwaukee, WI",,Wisconsin,no,Milwaukee,African-American,,,https://communityjournal.net/
The Milwaukee Times,Newspaper (weekly),Newspaper,"1936 N Doctor M.L.K. Jr Dr, Milwaukee, WI 53212",43.0560593,-87.9140011,"Milwaukee, WI",,Wisconsin,no,Milwaukee,African-American,,,https://milwaukeetimesnews.com
The Monitor,Newspaper,Newspaper,"1501 State St, East St. Louis, IL 62205",38.6216337,-90.1415588,"East St. Louis, IL",,Illinois,no,East St. Louis,African-American,,,https://estlmonitor.com/
The Monroe Dispatch,Newspaper (weekly),Newspaper,"830 Martin Luther King Junior Drive, Monroe, LA 71203",32.5085156,-92.0824288,"Monroe, LA",,Louisiana,no,Monroe,African-American,monroedispatch@yahoo.com,General inbox,https://www.monroedispatchonline.com/
The New Citizens Press,Newspaper (biweekly),Newspaper,"503 W Cesar E Chavez Avenue, Lansing, MI 48906",42.74724417,-84.55858607,"Lansing, MI",,Michigan,no,Lansing,African-American,"Rina Risper, rinarisper.tncp@gmail.com",Publisher,http://www.tncp.net/
The New Orleans Agenda,Newsletter,Digital,N/A,29.9510658,-90.0715323,,,Louisiana,yes,"New Orleans, Gulf Coast Region",General,"Vincent Sylvain, 504-232-3499, Vincent@SylvainSolutions.com",Publisher,https://www.neworleansagenda.com/
The New York Carib News,Newspaper (weekly),Newspaper,"1501 Broadway 12th floor, New York, NY 10019",40.7570555,-73.9864838,"New York, NY",,New York,no,NYC,Caribbean,,,https://www.nycaribnews.com/
The Newark Times,Digital,Digital,N/A,40.735657,-74.1723667,"Newark, NJ",,New Jersey,yes,Newark,General Market,,,https://thenewarktimes.com
The Nubian News,Newspaper (weekly),Newspaper,"25 South Westfield Ave Trenton, NJ 08618",40.2339359,-74.7969507,"Trenton, NJ",,New Jersey,no,Trenton,Black diaspora,"Kamau Kujuchagulia, nubiannews@gmail.com",Publisher,https://thenubiannews.com/
The Numberz,Radio,Radio/Podcast,"Portland, OR",45.515232,-122.6783853,"Portland, OR",,Oregon,yes,Portland,African-American,info@thenumberz.fm,General inbox,https://www.thenumberz.fm/
The Oklahoma Eagle,Newspaper (weekly),Newspaper,"624 E Archer St, Tulsa, OK 74120",36.1598422,-95.984972,"Tulsa, OK",,Oklahoma,no,Tulsa,African-American,,,http://theoklahomaeagle.net/
The Omaha Star,Newspaper (weekly),Newspaper,"2216 N 24th St, Omaha, NE 68110",41.2797937,-95.9472615,"Omaha, NE",,Nebraska,no,Omaha,African-American,,,https://theomahastar.com/
The Orlando Times,Newspaper (weekly),Newspaper,"4403 Vineland Rd, Orlando, FL 32811",28.4986237,-81.4312892,"Orlando, FL",,Florida,no,"Orlando, central Florida",African-American,"Calvin Collins, calvincollinsjr@aol.com",Publisher,https://www.orlando-times.com/index.html
The Philadelphia Observer,Newspaper (weekly),Newspaper,"600 Third Ave, New York, NY 10016",,,"New York, NY",,Pennsylvania,no,Philadelphia,African-American,,,http://philadelphiaobserver.com/
The Philadelphia Tribune,Newspaper (twice weekly),Newspaper,"520 S 16th St, Philadelphia, PA 19146",39.944517,-75.168866,"Philadelphia, PA",,Pennsylvania,no,Philadelphia,African-American,,,https://www.phillytrib.com/
The Plug,Digital,Digital,"Atlanta, GA",33.7724417,-84.3279093,"Atlanta, GA",,Georgia,yes,Nationwide,African-American,"Sherrell Dorsey, @sherrell_dorsey",Founder/editor,https://tpinsights.com/articles/
The Prince George's Post,Newspaper (weekly),Newspaper,"15207 Marlboro Pike # B, Upper Marlboro, MD 20772",38.8224236,-76.7417478,"Upper Marlboro, MD",,Maryland,no,Prince George's County,African-American,"Legusta Floyd, pgpost@gmail.com",Editor,http://www.pgpost.com/
The Providence American,Newspaper (weekly),Newspaper,"P.O. Box 5859, Providence, RI 02903",41.816736,-71.4091563,"Providence, RI",,Rhode Island,yes,Providence,African-American,,,http://theprovamnews.com/
The Real Deal Press,Digital,Digital,"Cleveland, OH",41.5233346,-81.5322149,"Cleveland, OH",,Ohio,yes,Cleveland,African-American,,,https://therealdealpress.com/
The Roanoke Tribune,Newspaper (weekly),Newspaper,"2318 Melrose Ave NW, Roanoke, VA 24017",37.2859714,-79.974675,"Roanoke, VA",,Virginia,no,Roanoke,African-American,,,https://theroanoketribune.org/
The Root,Digital,Digital,"605 3rd Avenue, 12th Floor, New York, NY 10158",40.7490074,-73.9751509,"New York, NY",,New York,no,Nationwide,African-American,"Genetta Adams, genetta.adams@theroot.com",Managing Editor,https://www.theroot.com
The San Antonio Observer,Newspaper (weekly),Newspaper,"P.O. Box 200226, San Antonio, TX 78220",29.4234701,-98.3950401,"San Antonio, TX",,Texas,yes,San Antonio,African-American,,,https://saobserver.com/
The San Bernardino American News,Newspaper (weekly),Newspaper,"P.O. Box 837, Victorville, CA 93293",34.5362184,-117.2927641,"Victorville, CA",,California,yes,San Bernardino/Inland Empire,African-American,"Mary Martin-Harris, Mary@SB-American.com",Editor,https://sb-american.com/
The Seattle Medium,Newspaper (weekly),Newspaper,"2600 S Jackson St, Seattle, WA 98144",47.59948433,-122.2984375,"Seattle, WA",,Washington,no,Seattle,African-American,,,https://seattlemedium.com/
The Skanner,Newspaper (weekly),Newspaper,"415 N Killingsworth St, Portland, OR 97217",45.5628722,-122.6705183,"Portland, OR",,Washington,no,Seattle,African-American,,,https://www.theskanner.com/
The Tennessee Tribune,Newspaper (weekly),Newspaper,"1501 Jefferson St, Nashville, TN 37208",36.170293,-86.8023201,"Nashville, TN",,Tennessee,no,Nashville,African-American,,,https://www.tntribune.com/
The Triangle Tribune,Newspaper (weekly),Newspaper,"115 Market Street Ste 360-G, Durham, NC 27701",35.9964972,-78.9023238,"Durham, NC",,North Carolina,no,Durham,African-American,"Gerald Johnson, publisher@thecharlottepost.com",Publisher,http://www.triangletribune.com/
The TRiiBE,Digital,Digital,"906 S. Homan Ave., Chicago IL 60624",41.8696588,-87.7109062,"Chicago, IL",,Illinois,no,Chicago,African-American,"Tiffany Walden, tiffany@thetriibe.com",Co-founder,https://thetriibe.com/
The Urban News,"Newspaper (monthly), Digital",Newspaper,"P.O. Box 2038, Asheville, NC 28802",35.59399,-82.5557497,"Asheville, NC",,North Carolina,yes,Asheville,Multicultural,"therovingreporter@theurbannews.com, 828-253-5585",,https://theurbannews.com/
The Urban Voice,Magazine (monthly),Magazine,"P.O. Box 270065, Las Vegas, NV 89127",36.18,-115.15,"Las Vegas, NV",,Nevada,yes,Las Vegas,African-American,"Joseph Abraham, joseph@unrelentingvoice.com",Owner,https://theurbanvoice.com/
The Villager,Newspaper (weekly),Newspaper,"4132 E 12th St, Austin, TX 78721",30.2792554,-97.6876249,"Austin, TX",,Texas,no,Austin,African-American,,,http://www.theaustinvillager.com/
The VOICE,Status unknown,Newspaper,"205 E Clay St, Richmond, VA 23219",37.545976,-77.4384734,"Richmond, VA",,Virginia,no,Richmond,African-American,,,http://www.voicenewspaper.com/
The Warrenist,Digital,Digital,"136 South Main Street, Suite D, Warrenton, NC 27589",36.3972295,-78.155352,"Warrenton, NC",,North Carolina,no,Warren County,General Market,,,https://warrenist.com
The Washington Informer,Newspaper (weekly),Newspaper,"3117 Martin Luther King Jr Ave SE, Washington, D.C. 20032",38.8434897,-76.9999348,"Washington, D.C.",,"Washington, D.C.",no,DC,African-American,,,https://www.washingtoninformer.com/
The Washington Sun,Newspaper (weekly),Newspaper,"830 Kennedy St NW # B2, Washington, D.C. 20011",38.9561125,-77.025258,"Washington, D.C.",,"Washington, D.C.",no,DC,African-American,,,https://twitter.com/thewashsun
The Weekly Challenger,Newspaper (weekly),Newspaper,"P.O. Box 35130, St. Petersburg, FL 33705",27.7529048,-82.6544634,"St. Petersburg, FL",,Florida,yes,St. Petersburg,African-American,"Lyn Johnson, advertising@theweeklychallenger.com",Editor,http://theweeklychallenger.com/
TheGrio,Online,Digital,"1330 Avenue of the Americas, 9th floor, New York, NY 10019",40.76199589,-73.97845993,"New York, NY",,Nationwide,no,Nationwide,African-American,"Shakirah Gittens, Shakirah.Gittens@thegrio.com, 718.687.6231",Operations assistant,https://thegrio.com
Toledo Journal,Newspaper (weekly),Newspaper,"2145 E, Scott Park Drive, Toledo, OH 43606",41.6423795,-83.5955085,"Toledo, OH",,Ohio,no,Toledo,African-American,,,https://thetoledojournal.com/
TransLash Media,"Podcast, Video (online), Digital",Radio/Podcast,"315 Gates Avenue, Brooklyn, NY 12216",40.68601858,-73.95505053,"New York, NY",,New York,no,National,"Trans, two-spirit, non-binary and gender non-conforming people & allies",Imara Jones,Creator & Producer,https://translash.org
Trapital,Newsletter,Digital,N/A,37.7598914,-122.4202604,,,Nationwide,yes,Nationwide,General,"info@trapital.co, (415) 234-3074",General inbox,https://trapital.co/
Travel Noire,Digital,Digital,"600 Wilshire Blvd, Los Angeles CA 90017",,,"Los Angeles, CA",,California,no,Nationwide,Millennials of the African Diaspora,,,https://travelnoire.com
Tré Magazine,Magazine,Magazine,"2603 Augusta Drive, Houston, TX 77057",29.7392595,-95.4814676,"Houston, TX",,Texas,no,Nationwide,Millennials and Affluent Affrican Americans audiences,"Stephanie Coleman, (347) 687-3624, info@thetremag.com",Editorial Director,https://www.thetremag.com/
Trenton Journal,Digital,Digital,"Trenton, NJ",40.23151428,-74.76407801,"Trenton, NJ",,New Jersey,yes,Trenton,General,"Kenneth Miles, hello@trentonjournal.com",Founder,https://www.trentonjournal.com/
Tri-State Defender,Newspaper (weekly),Newspaper,"203 Beale St #200, Memphis, TN 38103",35.1393338,-90.0514378,"Memphis, TN",,Tennessee,no,Memphis,African-American,,,https://tri-statedefender.com/
UnityFirst.com,Digital,Digital,"Springfield, MA",42.13573672,-72.53810375,"Springfield, MA",,Massachusetts,yes,National,"Corporations, Cross-cultural communities, Diverse consumers and Multicultural media","Janine & Tom Fondon, (413) 221-7931, jfondon@unityfirst.com",Publishers/Founders,https://unityfirst.com/
UNPOPCULTR,"Digital, Podcast",Digital,"New York, NY",40.719508,-73.9639022,"New York, NY",,Nationwide,yes,Nationwide,BIPOC,info@unpopcultr.co,General inbox,https://www.unpopcultr.co/
Urban Aging News,Newspaper (quarterly),Newspaper,"1905 Hyde Park, Detroit, MI 48207",42.34381424,-83.0326538,"Detroit, MI",,Michigan,no,Metro Detroit,Seniors,"Patricia Rencher, info@urbanagingnews.com, 313.204.5140",Publisher,https://www.urbanagingnews.com/
Urban American Outdoors,TV program,TV,"Kansas City, MO",39.28750649,-94.57739367,"Kansas City, MO",,Nationwide,yes,National,Outdoor Enthusiasts of Color,"Candice Price, 913-334-5177",Founder,https://uaotv.com
Urban One (WAMJ / WHTA / WPZE / WUMJ-HD2),Radio,Radio/Podcast,"101 Marietta St 12th Fl Atlanta, GA 30303",33.7568793,-84.3921525,"Atlanta, GA",,Georgia,no,Atlanta,African-American,,,https://majicatl.com
Urban One (WKYS / WMMJ / WOL / WYCB / WPRS),Radio,Radio/Podcast,"8515 Georgia Ave # 9, Silver Spring, MD 20910",38.9950868,-77.0267451,"Silver Spring, MD",,Maryland,no,Silver Spring,African-American,,,https://kysdc.com
Urban One (WQOK / WFXC / WFXK / WNNL),Radio,Radio/Podcast,"8001 Creedmoor Rd. Suite 101, Raleigh, NC 27613",35.8958101,-78.6812051,"Raleigh, NC",,North Carolina,no,Raleigh,African-American,,,https://hiphopnc.com
UrbanGeekz,Video (online),Digital,"Atlanta, GA",33.8598323,-84.5379455,"Atlanta, GA",,Nationwide,yes,Nationwide,Multicultural,info@urbangeekz.com,General inbox,https://urbangeekz.com/
Village Free Press,Newspaper,Newspaper,N/A,,,,,Illinois,NA,Proviso Township,Regional,"Michael Romain, michael@oakpark.com",Publisher,https://www.vfpress.news/
Vinegar Hill Magazine,"Magazine (quarterly), Podcast",Magazine,"Charlottesville, VA",38.0261423,-78.4879587,"Charlottesville, VA",,Virginia,yes,Charlottesville,African-American,"info@vinegarhillmagazine.com, (434) 466-5718",General inbox,https://www.vinegarhillmagazine.com/
WATV,Radio,Radio/Podcast,"3025 Ensley Avenue, Birmingham, AL 35208",33.4993092,-86.879796,"Birmingham, AL",,Alabama,no,Birmingham,African-American,"Courtney French, 205-780-2014",Owner,https://myv949.com/
WBCP,Radio,Radio/Podcast,"904 N. Fourth Street, Suite D, Champaign, IL 61820",40.12454,-88.233577,"Champaign, IL",,Illinois,no,Champaign,African-American,,,
WCCG,Radio,Radio/Podcast,"115 Gillespie Street, Fayetteville, NC 28301",35.0518184,-78.8782618,"Fayetteville, NC",,North Carolina,no,Fayetteville,African-American,,,https://wccg1045fm.com/
We Talk Weekly,Radio,Radio/Podcast,"Philadelphia, PA",40.03659397,-75.16335536,"Philadelphia, PA",,Pennsylvania,yes,Philadelphia,Black Entertainment News Enthusiasts,2157038554,,https://wetalkweekly.com/
Weekly Citizen,Newspaper (weekly),Newspaper,"8741 S Greenwood Ave, Suite 107, Chicago, IL 60619",41.735459,-87.5968041,"Chicago, IL",,Illinois,no,"Chicago, Hyde Park, South Suburban",African-American,(773) 783-1251,,https://citizennewspapergroup.com
Weekly Press,Newspaper (weekly),Newspaper,"1283 Rosenwald Rd, Baton Rouge, LA 70807",30.5317176,-91.1804901,"Baton Rouge, LA",,Louisiana,no,Baton Rouge,African-American,"Ivory Payne, ivory@brweekpress.com",Publisher,https://www.brweeklypress.com/
Westchester County Press,Newspaper (weekly),Newspaper,"P.O. Box 152, White Plains, NY 10602-4108",41.031153,-73.7670834,"White Plains, NY",,New York,yes,Westchester County,African-American,,,https://www.westchestercountypress.com/
Westside Gazette,Newspaper (weekly),Newspaper,"545 N.W. 7th Terrace, Fort Lauderdale, FL 33311",26.1291861,-80.1518858,"Fort Lauderdale, FL",,Florida,no,Fort Lauderdale,African-American,"Carma Henry, wgazette@thewestsidegazette.com",Editor,https://thewestsidegazette.com/
Westside Story Newspaper,Newspaper (weekly),Newspaper,"577 N D St #112h, San Bernardino, CA 92401",34.1097179,-117.2914462,"San Bernardino, CA",,California,no,San Bernardino,African-American,"WJ Allen, mail@westsidestorynewspaper.com",Publisher,https://www.westsidestorynewspaper.com/
WEUP,Radio,Radio/Podcast,"2609 Jordan Lane NW, Huntsville, AL 35816",34.7589939,-86.6426345,"Huntsville, AL",,Alabama,no,Huntsville,African-American,"Hundley Batts, hundley@103weup.com",Co-owner,http://pro-weup-am-flex.franklymedia.com/index.php
WFLM,Radio,Radio/Podcast,"6803 South Federal Hwy, White City, FL",27.3412281,-80.3260503,"White City, FL",,Florida,no,Vero Beach,African-American,,,http://www.1045theflame.com/wflm/
WGNL/WGNG,Radio,Radio/Podcast,"P.O. Box 1801, Greenwood, MS 38930",33.5726622,-90.1869644,"Greenwood, MS",,Mississippi,yes,Greenwood,African-American,,,https://www.104wgnl.com/
What's Up Kansas City,Digital,Digital,"1805 Vine St, Kansas City, MO 64108",39.0909218,-94.5630068,"Kansas City, MO",,Missouri,no,Kansas City,African-American,,,https://whatsupkansascity.net/
WhereItzAt,"Digital, Magazine",Magazine,"New York, NY",40.69405156,-73.73473214,"New York, NY",,New York,yes,New York City,Caribbean-American & Urban Audiences,"Clive Williams, (516) 690-9060",Publisher,https://gowhereitzat.com/
Whetstone Magazine,"Magazine, Podcast",Magazine,N/A,,,,,Nationwide,yes,Nationwide,Food Enthusiat,hello@whetstonemagazine.com,General inbox,https://www.whetstonemagazine.com/
WHPR,TV,TV,"160 Victor St., Highland Park, MI",42.4081302,-83.0919574,"Highland Park, MI",,Michigan,no,Detroit,African-American,,,https://www.fm881whpr.com/
WHUR,Radio,Radio/Podcast,"529 Bryant Street NW Washington, D.C. 20059",38.920407,-77.020125,"Washington, D.C.",,"Washington, D.C.",no,"Washington, D.C",African-American,,,http://whur.com/
WHUT-TV,TV,TV,"2222 4th Street, N. Washington, D.C. 20059",38.9208863,-77.0185558,"Washington, D.C.",,"Washington, D.C.",no,"Washington, D.C",African-American,,,https://www.whut.org/
Wilmington Journal,Newspaper (weekly),Newspaper,"416 S 7th St, Wilmington, NC 28401",34.230281,-77.940286,"Wilmington, NC",,North Carolina,no,Wilmington,African-American,wilmjourn@aol.com,General inbox,https://wilmingtonjournal.com/
Windy City Word,Newspaper (weekly),Newspaper,"5090 W Harrison St, Chicago, IL 60644",41.8731745,-87.7530369,"Chicago, IL",,Illinois,no,Chicago,African-American,info@windycityword.com,General inbox,http://windycityword.com/
Winston-Salem Chronicle,Newspaper (weekly),Newspaper,"1300 East Fifth Street Winston-Salem, NC 27101",36.1002264,-80.2297392,"Winston-Salem, NC",,North Carolina,no,Winston-Salem,African-American,"James Taylor Jr.,  jtaylorjr@wschronicle.com",Publisher,https://wschronicle.com/
WJZD,Radio,Radio/Podcast,"10211 Southpark Drive, Gulfport, MS 39503",30.4335063,-89.0363572,"Gulfport, MS",,Mississippi,no,Gulfport,African-American,,,https://www.wjzd.com/
WKNY/Radio Kingston,Radio,Radio/Podcast,"718 Broadway, Kingston, NY 12401",41.9318604,-74.0091088,"Kingston, NY",,New York,no,Ulster County,Multicultural,,,https://radiokingston.org/
WKWQ,Radio,Radio/Podcast,"69 Robert Smalls Pkwy #2T, Beaufort, SC 29902",32.4362115,-80.708339,"Beaufort, SC",,South Carolina,no,Lowcountry,African-American/Gullah,WKWQ@gullahradio.net,General inbox,https://www.gullahradio.net/
WMBM,Radio,Radio/Podcast,"13242 NW 7th Avenue, Miami, FL 33168",25.8959402,-80.2113917,"Miami, FL",,Florida,no,Miami,African-American,,,https://wmbm.com/
WNOV,Radio,Radio/Podcast,"2003 W. Capitol Drive, Milwaukee, WI 53206",43.08922458,-87.93731462,"Milwaukee, WI",,Wisconsin,no,Milwaukee,African-American,,,https://wnov860.com
Word in Black,Digital,Digital,"P.O. Box 450, Lake City, MI 49651-0450",44.3352872,-85.2150455,"Lake City, MI",,Nationwide,yes,Nationwide,African-American,"Andrew Rsmsammy, wib@localmedia.org",Chief Content Officer,https://wordinblack.com/
WOVU 95.9 FM,Radio,Radio/Podcast,"7201 Kinsman Road, Cleveland, OH 44104",41.4797897,-81.6376804,"Cleveland, OH",,Ohio,no,Northeast Ohio,African-American,"Jae Williams, jwilliams@bbcdevelopment.org, (216) 342-2963",General Manager,https://wovu.org/
WPUL,Radio,Radio/Podcast,"P.O. Box 48857, Tampa, FL 33646",29.2018698,-81.0247624,"Tampa, FL",,Florida,yes,Daytona Beach,African-American and Latino,"Julia T. Cherry, sales@daytonatimes.com",Senior managing member,http://cflradio.net/1590_WPUL_AM.htm
WRBJ,Radio,Radio/Podcast,"745 North State Street, Jackson, MS 39202",32.3081893,-90.1790219,"Jackson, MS",,Mississippi,no,Jackson,African-American,,,http://www.thebeatofthecapital.com/
WTAL,Radio,Radio/Podcast,"1363 E Tennessee St, Tallahassee, FL 32308",30.44805889,-84.26035011,"Tallahassee, FL",,Florida,no,Tallahassee,African-American,"RB Holmes, wtal1450@capitaloutlook.com",President,http://wtal1450.com/
WURD,Radio,Radio/Podcast,"1341 N Delaware Ave # 300, Philadelphia, PA 19125",39.9679255,-75.1278264,"Philadelphia, PA",,Pennsylvania,no,Philadelphia,African-American,,,https://wurdradio.com/
WVON,Radio,Radio/Podcast,"800 South Wells, Suite #130 and #170, Chicago, IL 60607",41.8718164,-87.6338022,"Chicago, IL",,Illinois,no,Chicago,African-American,,,https://wvon.com
WZZA,Radio,Radio/Podcast,"1570 Woodmont Drive, Tuscumbia, AL, 35674",34.7080127,-87.692645,"Tuscumbia, AL",,Alabama,no,Tuscumbia,African-American,"Leonard Skipworth, sales@wzzaradio.com",Sales manager,http://wzzaradio.com/
Z-Twins Radio,Radio,Radio/Podcast,"2600 S Jackson St, Seattle, WA 98144",47.5994643,-122.2984323,"Seattle, WA",,Washington,no,Seattle,African-American,"Malika Bennett, m.bennett@ztwins.com, (360) 718-7009","Regional VP, Advertising & Sales",https://www.ztwins.com
Zethiopia,"Digital, Newspaper (monthly)",Digital,"P.O. Box 2049, Fairfax, VA 22031",38.864187,-77.2577571,"Fairfax, VA",,"Washington, D.C.",yes,"Washington, D.C.",Ethiopian,"Dereje Desta, dereje@zethiopia.com",Editor,http://www.zethiopia.com/
Madison365,Online aggregator,Digital,"P.O. Box 842, Madison, WI 53701",43.05350653,-89.45428649,"Madison, WI",,Wisconsin,yes,Wisconsin,Multicultural,"Robert G Chappell, rchappell@madison365.org, 16083347829",Executive Editor,madison365.org
Black Millionaires,Social Media/Facebook,Digital,"3949 Holcomb Bridge Road, Suite 301, Norcross, GA 30092",33.96517947,-84.25524556,"Norcross, GA",,Georgia,no,Georgia,"Black Millennials,","James Hill, support@black-millionaires.com, 404-242-3506",Founder & CEO,www.black-millionaires.com
Baltimore Beat,Newspaper,Newspaper,"2209 Maryland Avenue, Baltimore, MD 21218",39.31473018,-76.6177818,"Baltimore, MD",,Maryland,no,Baltimore,Multicultural with a focus on Baltimore’s Black population.,"Lisa Snowden, Lisa@baltimorebeat.com",Editor-In-Chief,https://baltimorebeat.com/
HYFIN,Radio,Radio/Podcast,,43.02851564,-87.91262166,"Milwaukee, WI",,Wisconsin,yes,"Milwaukee, Wisconsin; Nationwide",African American women 29-44,"Tarik Moody, tarik@radiomilwaukee.org",Program Director,https://hyfin.org/
BlackAmericaWeb.com,Digital,Digital,"13760 Noel Road, Ste. 750, Dallas, TX 75240",32.93520946,-96.81686271,"Dallas, TX",,Texas,no,National,African-American,(972) 371-5882,,https://blackamericaweb.com/
BlackPressUSA,Digital,Digital,"1816 12th Street, NW 2nd Floor, Washington, DC 20009",38.91502811,-77.02842396,"Washington, DC",,"Washington, D.C.",no,National,African-American,202.588.8764,,https://blackpressusa.com/
PowerPointe,"Digital, Digital (video)",Digital,"Bossier City, LA",32.53082569,-93.65038286,"Bossier City, LA",,Louisiana,yes,National,"Dancers, Dance Enthusiasts","Kenya Fountain, details@powerpointe.net","Founder, Dance Journalist, Digital Host",https://www.powerpointe.net
Ethiopique,Digital,Digital,,38.9,-77.04,"Washington, D.C.",,"Washington, D.C.",yes,Nationwide,Ethiopian and Eritrean Americans,"Henok Mengistu, admin@ethiopique.com, (347) 325-4928",Founder,www.ethiopique.com
BlackUSA.News,Online,Digital,"1142 N. Carrollton Avenue, Baltimore, MD 21217",39.3021224,-76.6376546,"Baltimore, MD",,Maryland,no,Nationwide,African American,"Doni Glover, doni@bmorenews.com, 443-858-2685",Publisher,https://blackusa.news/
The Educator's Room,Online,Digital,,33.7501,-84.38,"Atlanta, GA",,Georgia,yes,Atlanta,African American,"Franchesca Warren, fran@theeducatorsroom.com",Founder,www.theeducatorsroom.com
Senegambia Parrot,Online,Digital,"2019, Blackrock Avenue, Suite 3, Bronx, NY 10274",40.8285351,-73.8557504,"Bronx, NY",,New York,no,New York,African Immigrants and Black Americans,"Mutiu Olawuyi, senegambiaparrot@gmail.com, 7188225555",CEO/Chief Editor,https://senegambiaparrot.com
BMORENews.com,Online,Digital,1142 N. Carrollton Avenue,39.3021224,-76.6376546,"Baltimore, MD",,Maryland,no,Baltimore,African American,"Doni Glover, doni@bmorenews.com, 443-858-2684",Publisher,https://bmorenews.com/
AtlantaFi.com,Online aggregator,Digital,"245 N. Highland Ave., Ste 230 Atlanta, Ga. 30307",33.761663,-84.3597287,"Atlanta, GA",,Georgia,no,Atlanta,African American,CJ Johnson cj@atlantafi.com 6785251696,Co-Founder,https://atlantafi.com/
Lowcountry Panorama,Newspaper,Newspaper,"2346B Two Notch Road, Columbia, SC 29204",34.0251484,-81.011246,"Columbia, SC",,South Carolina,no,"Charleston, SC",African-American,"Nate Abraham, NateAbraham@CarolinaPanorama.com",Publisher,www.LowcountryPanorama.com
Muslim Community Report (Muslim Parrot),Newspaper and Online,Newspaper,"2000 Westchester Ave, Bronx, New York 10462",40.8333986,-73.8575204,"Bronx, NY",address from Linkedin,New York,yes,New York City and Nationwide,Muslim Community,"Sheikh Musa Drammeh, muslimmediacorporation@gmail.com, 7188225555",Publisher,muslimcommunityreport.com
NolaFi.com,Online aggregator,Digital,"245 N. Highland Ave., Ste 230 Atlanta, Ga. 30307",33.761663,-84.3597287,"Atlanta, GA",,Georgia,no,,African American,CJ Johnson cjohnson@nolafi.com 6785251696,Co-Founder,https://nolafi.com/
Parkchester Times,Newspaper and Online,Newspaper,"Blackrock Ave., Bronx New York",40.8289059,-73.8514938,"Bronx, NY",,New York,yes,New York,Diverse and multicultural Bronxites and New Yorkers,"Mutiu Olawuyi, senegambiaparrot@gmail.com, 7188225555",Chief Editor/CEO,parkchestertimes.com
The Community Times,Newspaper,Newspaper,"P.O. Box 4197, Florence, SC 29502",34.1955465,-79.8024289,"Florence, SC",,South Carolina,yes,Eastern South Carolina,African-American,dsmith7716@aol.com,Editor,https://communitytimessc.com/